Ministry of Health and Social Services,kWi0HuwZ68H,,
Erongo Region,JpsiAzIl72n,kWi0HuwZ68H,
Hardap Region,yvx5DiJCYqd,kWi0HuwZ68H,
Karas Region,qTfEvXsiLvx,kWi0HuwZ68H,
Kavango Region,sgwgViA64qj,kWi0HuwZ68H,
Khomas Region,HuCz9nP325p,kWi0HuwZ68H,
Kunene Region,OwBLqK8HoJm,kWi0HuwZ68H,
Ohangwena Region,bkCGDV5FZr6,kWi0HuwZ68H,
Omaheke Region,EOcXucXIIf1,kWi0HuwZ68H,
Omusati Region,ZGn3jYwsny5,kWi0HuwZ68H,
Oshana Region,b9HMqeI8JEo,kWi0HuwZ68H,
Oshikoto Region,qxZHCIcFGGI,kWi0HuwZ68H,
Otjozondjupa Region,lOB86duziYC,kWi0HuwZ68H,
Zambezi Region,ICVofXXkxdc,kWi0HuwZ68H,
Omaruru District,JdZWxlDcuct,JpsiAzIl72n,
Swakopmund District,Ep5roMtNesc,JpsiAzIl72n,
Usakos District,tbFjsqAACE8,JpsiAzIl72n,
Walvis Bay District,E9sSue8msED,JpsiAzIl72n,
Aranos District,zunsIBRYV3h,yvx5DiJCYqd,
Mariental District,bFCHIa6CuzW,yvx5DiJCYqd,
Rehoboth District,pTuejLrN4sm,yvx5DiJCYqd,
Karasburg District,h9lJDhyWO9x,qTfEvXsiLvx,
Keetmanshoop District,F7k9I7WePE7,qTfEvXsiLvx,
Luderitz District,dnVyDFlf55D,qTfEvXsiLvx,
Andara District,M4CCRjpqMoJ,sgwgViA64qj,
Nankudu District,wSHVyf2XMH4,sgwgViA64qj,
Nyangana District,FtxUgraJFFH,sgwgViA64qj,
Rundu District,wMIC5fKYst9,sgwgViA64qj,
Windhoek District,OPZrTAb9fdW,HuCz9nP325p,
Khorixas District,ut0VY2RkP4n,OwBLqK8HoJm,
Opuwo District,dOdJP21SD9O,OwBLqK8HoJm,
Outjo District,nBGDrsjRfLw,OwBLqK8HoJm,
Eenhana District,pWoACmCrmMl,bkCGDV5FZr6,
Engela District,qAWnilOcDa8,bkCGDV5FZr6,
Okongo District,FKhUQqO7kgp,bkCGDV5FZr6,
Gobabis District,pCHdG1g9imN,EOcXucXIIf1,
Okahao District,EcsNePeiu8B,ZGn3jYwsny5,
Oshikuku District,qUvunSjZohO,ZGn3jYwsny5,
Outapi District,kvoY0kknTC4,ZGn3jYwsny5,
Tsandi District,QH5y5NkOxfc,ZGn3jYwsny5,
Oshakati District,fGEgF3PkXvq,b9HMqeI8JEo,
Omuthiya District,A3TNsiR1dh5,qxZHCIcFGGI,
Onandjokwe District,RTeFLiIQbw6,qxZHCIcFGGI,
Tsumeb District,PvX6HjANIMR,qxZHCIcFGGI,
Grootfontein District,HBNyx54xyKg,lOB86duziYC,
Okahandja District,UQTgGLGzVJR,lOB86duziYC,
Okakarara District,cwdQdlsupXZ,lOB86duziYC,
Otjiwarongo District,OZpQSwHeL07,lOB86duziYC,
Katima Mulilo District,KSe05Xbqo0U,ICVofXXkxdc,
Dr Craven Consulting,JAXtrbNCiu6,JdZWxlDcuct,
Okombahe Clinic,ebypIwH9lOY,JdZWxlDcuct,
Okongue Clinic,vEfjAtoJbAQ,JdZWxlDcuct,
Omaruru Clinic,MfijOiUsjhw,JdZWxlDcuct,"1c783dca-fd54-4ea8-a0fc-2875374e9cb6,b8bbf83e-645f-451f-8efe-a0db56f09676,8d4626ca-7abd-42ad-be48-56767bbcf272,37dd4458-dc9e-4ae6-a1f1-789c1162d37b"
Omaruru District Data,SWMyC6TDs0G,JdZWxlDcuct,
Omaruru Hospital,AOfv8v0OQEo,JdZWxlDcuct,"c9a8fa19-5001-4e17-9917-fb855e877fa8"
Omaruru Maternity Hospital,QJGUkfdSxuU,JdZWxlDcuct,"c9a8fa19-5001-4e17-9917-fb855e877fa8"
Omatjette Clinic,TRN03bbiFNS,JdZWxlDcuct,
Ongwari Consulting Room,B1RO0E0Kf90,JdZWxlDcuct,
Uis Clinic,x3TOlH50zin,JdZWxlDcuct,"1c783dca-fd54-4ea8-a0fc-2875374e9cb6,b8bbf83e-645f-451f-8efe-a0db56f09676,8d4626ca-7abd-42ad-be48-56767bbcf272,37dd4458-dc9e-4ae6-a1f1-789c1162d37b"
Arandis Clinic,oftErzlHuQv,Ep5roMtNesc,"1c783dca-fd54-4ea8-a0fc-2875374e9cb6,b8bbf83e-645f-451f-8efe-a0db56f09676,8d4626ca-7abd-42ad-be48-56767bbcf272,37dd4458-dc9e-4ae6-a1f1-789c1162d37b"
DRC Clinic,MPytJjweNqw,Ep5roMtNesc,
Henties Bay Clinic,Ict4PzvnAEx,Ep5roMtNesc,"1c783dca-fd54-4ea8-a0fc-2875374e9cb6,b8bbf83e-645f-451f-8efe-a0db56f09676,8d4626ca-7abd-42ad-be48-56767bbcf272,37dd4458-dc9e-4ae6-a1f1-789c1162d37b"
Mondesa Clinic,mcJowJnnxjY,Ep5roMtNesc,"1c783dca-fd54-4ea8-a0fc-2875374e9cb6,b8bbf83e-645f-451f-8efe-a0db56f09676,8d4626ca-7abd-42ad-be48-56767bbcf272,37dd4458-dc9e-4ae6-a1f1-789c1162d37b"
Swakopmund District Data,xzo4m8o44Xu,Ep5roMtNesc,
Swakopmund Hospital,doR8gyMYGxO,Ep5roMtNesc,"c9a8fa19-5001-4e17-9917-fb855e877fa8"
Tamariskia Clinic,DnmsuWTK4dZ,Ep5roMtNesc,"1c783dca-fd54-4ea8-a0fc-2875374e9cb6,b8bbf83e-645f-451f-8efe-a0db56f09676,8d4626ca-7abd-42ad-be48-56767bbcf272,37dd4458-dc9e-4ae6-a1f1-789c1162d37b"
Hakhaseb Clinic,Nwp0aPPMLjp,tbFjsqAACE8,"1c783dca-fd54-4ea8-a0fc-2875374e9cb6,b8bbf83e-645f-451f-8efe-a0db56f09676,8d4626ca-7abd-42ad-be48-56767bbcf272,37dd4458-dc9e-4ae6-a1f1-789c1162d37b"
Karibib Clinic,FNShkpYM7jz,tbFjsqAACE8,
Otjimbingwe Clinic,XpeM43oZYRC,tbFjsqAACE8,"1c783dca-fd54-4ea8-a0fc-2875374e9cb6,b8bbf83e-645f-451f-8efe-a0db56f09676,8d4626ca-7abd-42ad-be48-56767bbcf272,37dd4458-dc9e-4ae6-a1f1-789c1162d37b"
Spitzkoppe Clinic,kVnelLwdpIw,tbFjsqAACE8,"1c783dca-fd54-4ea8-a0fc-2875374e9cb6,b8bbf83e-645f-451f-8efe-a0db56f09676,8d4626ca-7abd-42ad-be48-56767bbcf272,37dd4458-dc9e-4ae6-a1f1-789c1162d37b"
Tubusis Clinic,y2JBqmDMvvr,tbFjsqAACE8,"1c783dca-fd54-4ea8-a0fc-2875374e9cb6,b8bbf83e-645f-451f-8efe-a0db56f09676,8d4626ca-7abd-42ad-be48-56767bbcf272,37dd4458-dc9e-4ae6-a1f1-789c1162d37b"
Usakos District Data,Td2fvlYddwH,tbFjsqAACE8,
Usakos Hospital,gDDck3ziQN5,tbFjsqAACE8,"c9a8fa19-5001-4e17-9917-fb855e877fa8"
Coastal Clinic,gVnj0dNPqfp,E9sSue8msED,"1c783dca-fd54-4ea8-a0fc-2875374e9cb6,b8bbf83e-645f-451f-8efe-a0db56f09676,8d4626ca-7abd-42ad-be48-56767bbcf272,37dd4458-dc9e-4ae6-a1f1-789c1162d37b"
Haart Clinic,nZ7yM5C8vUv,E9sSue8msED,
Kuisebmund Health Centre,EVcDXL70fvq,E9sSue8msED,"1c783dca-fd54-4ea8-a0fc-2875374e9cb6,b8bbf83e-645f-451f-8efe-a0db56f09676,8d4626ca-7abd-42ad-be48-56767bbcf272,37dd4458-dc9e-4ae6-a1f1-789c1162d37b"
Narraville Clinic,gDVEuOcG9q0,E9sSue8msED,"1c783dca-fd54-4ea8-a0fc-2875374e9cb6,b8bbf83e-645f-451f-8efe-a0db56f09676,8d4626ca-7abd-42ad-be48-56767bbcf272,37dd4458-dc9e-4ae6-a1f1-789c1162d37b"
Utuseb Clinic,ileI96vsLvS,E9sSue8msED,
Walvis Bay Clinic,WkrBKr7pMAD,E9sSue8msED,"1c783dca-fd54-4ea8-a0fc-2875374e9cb6,b8bbf83e-645f-451f-8efe-a0db56f09676,8d4626ca-7abd-42ad-be48-56767bbcf272,37dd4458-dc9e-4ae6-a1f1-789c1162d37b"
Walvis Bay District Data,OFeWvznMoPR,E9sSue8msED,
Walvis Bay Hospital,ClStzg3HUNX,E9sSue8msED,"c9a8fa19-5001-4e17-9917-fb855e877fa8"
Walvisbay Corridor Clinic,miI7pJUmQ7T,E9sSue8msED,
Welwitchia Hospital,T9SzeteM2Wi,E9sSue8msED,"c9a8fa19-5001-4e17-9917-fb855e877fa8"
Aranos Clinic,IuLNYsMlQdI,zunsIBRYV3h,
Aranos District Data,LGckYJbckh2,zunsIBRYV3h,
Aranos Health Centre,Nt9AAnvj88T,zunsIBRYV3h,
Gochas Clinic,jcFOvwr2uYR,zunsIBRYV3h,
Gibeon Clinic,LUkbFpqElHo,bFCHIa6CuzW,
Hoachanas Clinic,kb5B0Q0NrmV,bFCHIa6CuzW,
Kalkrand Clinic,WLCcf9NYd6K,bFCHIa6CuzW,
Maltahohe Clinic,aTK7z5LovZI,bFCHIa6CuzW,
Maltahohe Health Centre,eraTzWYfEe2,bFCHIa6CuzW,
Mariental Clinic,qXjkhphjUTm,bFCHIa6CuzW,
Mariental District Data,jqNFbR7ev9D,bFCHIa6CuzW,
Mariental Hospital,V9Eyu9zbfIU,bFCHIa6CuzW,"c9a8fa19-5001-4e17-9917-fb855e877fa8"
Sesriem Clinic,UjfB3g3REfs,bFCHIa6CuzW,
Stampriet Clinic,YkdAa6S3zx0,bFCHIa6CuzW,
Klein Aub Clinic,XsmiNd1hW8r,pTuejLrN4sm,
Rehoboth Clinic,opC1CMfddeO,pTuejLrN4sm,
Rehoboth District Data,UUVLNAopD46,pTuejLrN4sm,
Rehoboth Health Centre,X5uX48GIXjd,pTuejLrN4sm,
Rehoboth Hospital,UdfsBgLSlGx,pTuejLrN4sm,"c9a8fa19-5001-4e17-9917-fb855e877fa8"
Rietoog Clinic,nxLX0sDFAqF,pTuejLrN4sm,
Schlip Clinic,LMb3RJHbD6x,pTuejLrN4sm,
Ariamsvlei Clinic,CrS6Bg0maZI,h9lJDhyWO9x,
Aussenkher Clinic,r2OXYWNUJlP,h9lJDhyWO9x,
Gabis Clinic,ZKGIKoqoHdY,h9lJDhyWO9x,
Karasburg Clinic,gHur1CW9vKo,h9lJDhyWO9x,
Karasburg District Data,Np5eOU6jyaf,h9lJDhyWO9x,
Karasburg Hospital,YmWzhpL2Jn6,h9lJDhyWO9x,"c9a8fa19-5001-4e17-9917-fb855e877fa8"
Noordoewer Clinic,dhWeKF3gbhI,h9lJDhyWO9x,
Warmbad Clinic,sz37jUeCCBX,h9lJDhyWO9x,
Aroab Health Centre,MrFsJ1yM2Mb,F7k9I7WePE7,
Berseba Clinic,n7Osv5fr2rC,F7k9I7WePE7,
Bethanie Health Centre,HyQPb67NpGK,F7k9I7WePE7,
Daan Viljoen Clinic,SblaJuO5fU4,F7k9I7WePE7,
Keetmanshoop Clinic,KEhRiXeFev9,F7k9I7WePE7,
Keetmanshoop District Data,PQTr5SZCIEA,F7k9I7WePE7,
Keetmanshoop Hospital,KYocH3ar9vq,F7k9I7WePE7,"c9a8fa19-5001-4e17-9917-fb855e877fa8"
Koes Clinic,pVpRq3kMOis,F7k9I7WePE7,
Nappa Keetmanshoop Clinic,LKVm5UBXbkQ,F7k9I7WePE7,
Tses Clinic,Ii8Lz407ktd,F7k9I7WePE7,
Aus Clinic,LJVXg2Sb4X8,dnVyDFlf55D,
Elizabeth Bay Clinic,GJim47vcM2x,dnVyDFlf55D,
Luderitz Clinic,oeyzdYIzwuj,dnVyDFlf55D,
Luderitz District Data,DbA3aeuVUCb,dnVyDFlf55D,
Luderitz Hospital,s0DKe0VqFyT,dnVyDFlf55D,"c9a8fa19-5001-4e17-9917-fb855e877fa8"
Oranjemund Clinic,gBvX8CqARwt,dnVyDFlf55D,
Rosh Pinah Clinic,om7VQ4rcT5a,dnVyDFlf55D,
Andara District Data,WAyHR4TPI0W,M4CCRjpqMoJ,
Andara Hospital,b5xx6UC3atj,M4CCRjpqMoJ,"1c783dca-fd54-4ea8-a0fc-2875374e9cb6,b8bbf83e-645f-451f-8efe-a0db56f09676,8d4626ca-7abd-42ad-be48-56767bbcf272,37dd4458-dc9e-4ae6-a1f1-789c1162d37b,c9a8fa19-5001-4e17-9917-fb855e877fa8"
Andara PHC Clinic,zyLv56yFjZb,M4CCRjpqMoJ,"1c783dca-fd54-4ea8-a0fc-2875374e9cb6,b8bbf83e-645f-451f-8efe-a0db56f09676,8d4626ca-7abd-42ad-be48-56767bbcf272,37dd4458-dc9e-4ae6-a1f1-789c1162d37b"
Bagani Clinic,hNjfLPpzjbg,M4CCRjpqMoJ,"1c783dca-fd54-4ea8-a0fc-2875374e9cb6,b8bbf83e-645f-451f-8efe-a0db56f09676,8d4626ca-7abd-42ad-be48-56767bbcf272,37dd4458-dc9e-4ae6-a1f1-789c1162d37b"
Biro Clinic,nuGlbIskNvJ,M4CCRjpqMoJ,"1c783dca-fd54-4ea8-a0fc-2875374e9cb6,b8bbf83e-645f-451f-8efe-a0db56f09676,8d4626ca-7abd-42ad-be48-56767bbcf272,37dd4458-dc9e-4ae6-a1f1-789c1162d37b"
Divundu Clinic,ffBwswotrlJ,M4CCRjpqMoJ,"1c783dca-fd54-4ea8-a0fc-2875374e9cb6,b8bbf83e-645f-451f-8efe-a0db56f09676,8d4626ca-7abd-42ad-be48-56767bbcf272,37dd4458-dc9e-4ae6-a1f1-789c1162d37b"
Kangongo Clinic,XvgDr3MAEdp,M4CCRjpqMoJ,"1c783dca-fd54-4ea8-a0fc-2875374e9cb6,b8bbf83e-645f-451f-8efe-a0db56f09676,8d4626ca-7abd-42ad-be48-56767bbcf272,37dd4458-dc9e-4ae6-a1f1-789c1162d37b"
Mayara Clinic,Taa5m70wyL1,M4CCRjpqMoJ,"1c783dca-fd54-4ea8-a0fc-2875374e9cb6,b8bbf83e-645f-451f-8efe-a0db56f09676,8d4626ca-7abd-42ad-be48-56767bbcf272,37dd4458-dc9e-4ae6-a1f1-789c1162d37b"
Mutjiku Clinic,yri5td63j8k,M4CCRjpqMoJ,"1c783dca-fd54-4ea8-a0fc-2875374e9cb6,b8bbf83e-645f-451f-8efe-a0db56f09676,8d4626ca-7abd-42ad-be48-56767bbcf272,37dd4458-dc9e-4ae6-a1f1-789c1162d37b"
Omega Clinic,O1smci6XFER,M4CCRjpqMoJ,"1c783dca-fd54-4ea8-a0fc-2875374e9cb6,b8bbf83e-645f-451f-8efe-a0db56f09676,8d4626ca-7abd-42ad-be48-56767bbcf272,37dd4458-dc9e-4ae6-a1f1-789c1162d37b"
Shadikongoro Clinic,ckgacTOo276,M4CCRjpqMoJ,"1c783dca-fd54-4ea8-a0fc-2875374e9cb6,b8bbf83e-645f-451f-8efe-a0db56f09676,8d4626ca-7abd-42ad-be48-56767bbcf272,37dd4458-dc9e-4ae6-a1f1-789c1162d37b"
Shamaturu Clinic,bWixrT0q4JG,M4CCRjpqMoJ,"1c783dca-fd54-4ea8-a0fc-2875374e9cb6,b8bbf83e-645f-451f-8efe-a0db56f09676,8d4626ca-7abd-42ad-be48-56767bbcf272,37dd4458-dc9e-4ae6-a1f1-789c1162d37b"
Gcaruhwa Clinic,uVdwohlpTrw,wSHVyf2XMH4,"1c783dca-fd54-4ea8-a0fc-2875374e9cb6,b8bbf83e-645f-451f-8efe-a0db56f09676,8d4626ca-7abd-42ad-be48-56767bbcf272,37dd4458-dc9e-4ae6-a1f1-789c1162d37b"
Mbambi Clinic (Nankudu),P7LPtg66BtM,wSHVyf2XMH4,"1c783dca-fd54-4ea8-a0fc-2875374e9cb6,b8bbf83e-645f-451f-8efe-a0db56f09676,8d4626ca-7abd-42ad-be48-56767bbcf272,37dd4458-dc9e-4ae6-a1f1-789c1162d37b"
Mburuuru Clinic,psar4lJfnNN,wSHVyf2XMH4,"1c783dca-fd54-4ea8-a0fc-2875374e9cb6,b8bbf83e-645f-451f-8efe-a0db56f09676,8d4626ca-7abd-42ad-be48-56767bbcf272,37dd4458-dc9e-4ae6-a1f1-789c1162d37b"
Mpungu Health Centre,yfkR7dj5mKu,wSHVyf2XMH4,"1c783dca-fd54-4ea8-a0fc-2875374e9cb6,b8bbf83e-645f-451f-8efe-a0db56f09676,8d4626ca-7abd-42ad-be48-56767bbcf272,37dd4458-dc9e-4ae6-a1f1-789c1162d37b"
Muparara Clinic,Njvqxi1bo2h,wSHVyf2XMH4,"1c783dca-fd54-4ea8-a0fc-2875374e9cb6,b8bbf83e-645f-451f-8efe-a0db56f09676,8d4626ca-7abd-42ad-be48-56767bbcf272,37dd4458-dc9e-4ae6-a1f1-789c1162d37b"
Nankudu Clinic,UfOBkbqHOx0,wSHVyf2XMH4,"1c783dca-fd54-4ea8-a0fc-2875374e9cb6,b8bbf83e-645f-451f-8efe-a0db56f09676,8d4626ca-7abd-42ad-be48-56767bbcf272,37dd4458-dc9e-4ae6-a1f1-789c1162d37b"
Nankudu District Data,uwjPFCOPRFX,wSHVyf2XMH4,
Nankudu Hospital,IADWoI6C5v6,wSHVyf2XMH4,"1c783dca-fd54-4ea8-a0fc-2875374e9cb6,b8bbf83e-645f-451f-8efe-a0db56f09676,8d4626ca-7abd-42ad-be48-56767bbcf272,37dd4458-dc9e-4ae6-a1f1-789c1162d37b,c9a8fa19-5001-4e17-9917-fb855e877fa8"
Nepara Clinic,rTTkMkTYfnt,wSHVyf2XMH4,"1c783dca-fd54-4ea8-a0fc-2875374e9cb6,b8bbf83e-645f-451f-8efe-a0db56f09676,8d4626ca-7abd-42ad-be48-56767bbcf272,37dd4458-dc9e-4ae6-a1f1-789c1162d37b"
Nkurenkuru Health Centre,QeQCDAQfdgt,wSHVyf2XMH4,"1c783dca-fd54-4ea8-a0fc-2875374e9cb6,b8bbf83e-645f-451f-8efe-a0db56f09676,8d4626ca-7abd-42ad-be48-56767bbcf272,37dd4458-dc9e-4ae6-a1f1-789c1162d37b"
Nzinze Clinic,NNA95juno04,wSHVyf2XMH4,"1c783dca-fd54-4ea8-a0fc-2875374e9cb6,b8bbf83e-645f-451f-8efe-a0db56f09676,8d4626ca-7abd-42ad-be48-56767bbcf272,37dd4458-dc9e-4ae6-a1f1-789c1162d37b"
Rupara Health Centre,Z18r81MiAHk,wSHVyf2XMH4,"1c783dca-fd54-4ea8-a0fc-2875374e9cb6,b8bbf83e-645f-451f-8efe-a0db56f09676,8d4626ca-7abd-42ad-be48-56767bbcf272,37dd4458-dc9e-4ae6-a1f1-789c1162d37b"
Sikarosompo Clinic,UnCEqbY7RBn,wSHVyf2XMH4,"1c783dca-fd54-4ea8-a0fc-2875374e9cb6,b8bbf83e-645f-451f-8efe-a0db56f09676,8d4626ca-7abd-42ad-be48-56767bbcf272,37dd4458-dc9e-4ae6-a1f1-789c1162d37b"
Tondoro Health Centre,ktm5Srmh5tC,wSHVyf2XMH4,"1c783dca-fd54-4ea8-a0fc-2875374e9cb6,b8bbf83e-645f-451f-8efe-a0db56f09676,8d4626ca-7abd-42ad-be48-56767bbcf272,37dd4458-dc9e-4ae6-a1f1-789c1162d37b"
Yinsu Clinic,yEeyg75UnxI,wSHVyf2XMH4,"1c783dca-fd54-4ea8-a0fc-2875374e9cb6,b8bbf83e-645f-451f-8efe-a0db56f09676,8d4626ca-7abd-42ad-be48-56767bbcf272,37dd4458-dc9e-4ae6-a1f1-789c1162d37b"
Kandjara Clinic,JNqhsmfNYls,FtxUgraJFFH,"1c783dca-fd54-4ea8-a0fc-2875374e9cb6,b8bbf83e-645f-451f-8efe-a0db56f09676,8d4626ca-7abd-42ad-be48-56767bbcf272,37dd4458-dc9e-4ae6-a1f1-789c1162d37b"
Kapupahedi Clinic,uPedvh3qzS1,FtxUgraJFFH,"1c783dca-fd54-4ea8-a0fc-2875374e9cb6,b8bbf83e-645f-451f-8efe-a0db56f09676,8d4626ca-7abd-42ad-be48-56767bbcf272,37dd4458-dc9e-4ae6-a1f1-789c1162d37b"
Karukuta Clinic,Sqt8M87C3jj,FtxUgraJFFH,"1c783dca-fd54-4ea8-a0fc-2875374e9cb6,b8bbf83e-645f-451f-8efe-a0db56f09676,8d4626ca-7abd-42ad-be48-56767bbcf272,37dd4458-dc9e-4ae6-a1f1-789c1162d37b"
Katere Clinic,TLRE5clKxlF,FtxUgraJFFH,"1c783dca-fd54-4ea8-a0fc-2875374e9cb6,b8bbf83e-645f-451f-8efe-a0db56f09676,8d4626ca-7abd-42ad-be48-56767bbcf272,37dd4458-dc9e-4ae6-a1f1-789c1162d37b"
Mabushe Clinic,W4zyZ4nQpbc,FtxUgraJFFH,"1c783dca-fd54-4ea8-a0fc-2875374e9cb6,b8bbf83e-645f-451f-8efe-a0db56f09676,8d4626ca-7abd-42ad-be48-56767bbcf272,37dd4458-dc9e-4ae6-a1f1-789c1162d37b"
Mbambi Clinic (Nyangana),pOfeOGeEEAu,FtxUgraJFFH,"1c783dca-fd54-4ea8-a0fc-2875374e9cb6,b8bbf83e-645f-451f-8efe-a0db56f09676,8d4626ca-7abd-42ad-be48-56767bbcf272,37dd4458-dc9e-4ae6-a1f1-789c1162d37b"
Ndonga Clinic,QVHfPfs26T2,FtxUgraJFFH,"1c783dca-fd54-4ea8-a0fc-2875374e9cb6,b8bbf83e-645f-451f-8efe-a0db56f09676,8d4626ca-7abd-42ad-be48-56767bbcf272,37dd4458-dc9e-4ae6-a1f1-789c1162d37b"
Nyangana District Data,GJWHVKWSgtt,FtxUgraJFFH,
Nyangana Hospital,KmmxOmRJSMY,FtxUgraJFFH,"1c783dca-fd54-4ea8-a0fc-2875374e9cb6,b8bbf83e-645f-451f-8efe-a0db56f09676,8d4626ca-7abd-42ad-be48-56767bbcf272,37dd4458-dc9e-4ae6-a1f1-789c1162d37b,c9a8fa19-5001-4e17-9917-fb855e877fa8"
Nyangana PHC Clinic,N91JPDfAnPI,FtxUgraJFFH,"1c783dca-fd54-4ea8-a0fc-2875374e9cb6,b8bbf83e-645f-451f-8efe-a0db56f09676,8d4626ca-7abd-42ad-be48-56767bbcf272,37dd4458-dc9e-4ae6-a1f1-789c1162d37b"
Shinyungwe Clinic,oErDXm7uK90,FtxUgraJFFH,"1c783dca-fd54-4ea8-a0fc-2875374e9cb6,b8bbf83e-645f-451f-8efe-a0db56f09676,8d4626ca-7abd-42ad-be48-56767bbcf272,37dd4458-dc9e-4ae6-a1f1-789c1162d37b"
Baramasoni Clinic,IfjUxEe0rUB,wMIC5fKYst9,"1c783dca-fd54-4ea8-a0fc-2875374e9cb6,b8bbf83e-645f-451f-8efe-a0db56f09676,8d4626ca-7abd-42ad-be48-56767bbcf272,37dd4458-dc9e-4ae6-a1f1-789c1162d37b"
Bunya Health Centre,rvEk7kHM9DQ,wMIC5fKYst9,"1c783dca-fd54-4ea8-a0fc-2875374e9cb6,b8bbf83e-645f-451f-8efe-a0db56f09676,8d4626ca-7abd-42ad-be48-56767bbcf272,37dd4458-dc9e-4ae6-a1f1-789c1162d37b"
De Lang Clinic,H5OQqpHrfJ7,wMIC5fKYst9,"1c783dca-fd54-4ea8-a0fc-2875374e9cb6,b8bbf83e-645f-451f-8efe-a0db56f09676,8d4626ca-7abd-42ad-be48-56767bbcf272,37dd4458-dc9e-4ae6-a1f1-789c1162d37b"
Erago Clinic,YEGhoWcKBsV,wMIC5fKYst9,"1c783dca-fd54-4ea8-a0fc-2875374e9cb6,b8bbf83e-645f-451f-8efe-a0db56f09676,8d4626ca-7abd-42ad-be48-56767bbcf272,37dd4458-dc9e-4ae6-a1f1-789c1162d37b"
Gcwatjinga Clinic,st4WCDQi5QU,wMIC5fKYst9,"1c783dca-fd54-4ea8-a0fc-2875374e9cb6,b8bbf83e-645f-451f-8efe-a0db56f09676,8d4626ca-7abd-42ad-be48-56767bbcf272,37dd4458-dc9e-4ae6-a1f1-789c1162d37b"
Kaisosi Clinic,cxoPIzeQ2is,wMIC5fKYst9,"1c783dca-fd54-4ea8-a0fc-2875374e9cb6,b8bbf83e-645f-451f-8efe-a0db56f09676,8d4626ca-7abd-42ad-be48-56767bbcf272,37dd4458-dc9e-4ae6-a1f1-789c1162d37b"
Kapako Clinic,hHkLSP80EBl,wMIC5fKYst9,"1c783dca-fd54-4ea8-a0fc-2875374e9cb6,b8bbf83e-645f-451f-8efe-a0db56f09676,8d4626ca-7abd-42ad-be48-56767bbcf272,37dd4458-dc9e-4ae6-a1f1-789c1162d37b"
Katjinakatji Clinic,sn5CJDjjc1a,wMIC5fKYst9,"1c783dca-fd54-4ea8-a0fc-2875374e9cb6,b8bbf83e-645f-451f-8efe-a0db56f09676,8d4626ca-7abd-42ad-be48-56767bbcf272,37dd4458-dc9e-4ae6-a1f1-789c1162d37b"
Kayengona Clinic,ZLG0hWJJfGQ,wMIC5fKYst9,"1c783dca-fd54-4ea8-a0fc-2875374e9cb6,b8bbf83e-645f-451f-8efe-a0db56f09676,8d4626ca-7abd-42ad-be48-56767bbcf272,37dd4458-dc9e-4ae6-a1f1-789c1162d37b"
Mangetti Clinic,Mk53sDtEspd,wMIC5fKYst9,"1c783dca-fd54-4ea8-a0fc-2875374e9cb6,b8bbf83e-645f-451f-8efe-a0db56f09676,8d4626ca-7abd-42ad-be48-56767bbcf272,37dd4458-dc9e-4ae6-a1f1-789c1162d37b"
Mashare Clinic,G7YelK8Uj63,wMIC5fKYst9,"1c783dca-fd54-4ea8-a0fc-2875374e9cb6,b8bbf83e-645f-451f-8efe-a0db56f09676,8d4626ca-7abd-42ad-be48-56767bbcf272,37dd4458-dc9e-4ae6-a1f1-789c1162d37b"
Mile 10 Clinic,jR15irytbSf,wMIC5fKYst9,"1c783dca-fd54-4ea8-a0fc-2875374e9cb6,b8bbf83e-645f-451f-8efe-a0db56f09676,8d4626ca-7abd-42ad-be48-56767bbcf272,37dd4458-dc9e-4ae6-a1f1-789c1162d37b"
Mile 30 Clinic,fW2P4QFFJYS,wMIC5fKYst9,"1c783dca-fd54-4ea8-a0fc-2875374e9cb6,b8bbf83e-645f-451f-8efe-a0db56f09676,8d4626ca-7abd-42ad-be48-56767bbcf272,37dd4458-dc9e-4ae6-a1f1-789c1162d37b"
Mpora Clinic,SNcR07dy1XB,wMIC5fKYst9,"1c783dca-fd54-4ea8-a0fc-2875374e9cb6,b8bbf83e-645f-451f-8efe-a0db56f09676,8d4626ca-7abd-42ad-be48-56767bbcf272,37dd4458-dc9e-4ae6-a1f1-789c1162d37b"
Mupini Health Centre,o54ARnO3HwD,wMIC5fKYst9,"1c783dca-fd54-4ea8-a0fc-2875374e9cb6,b8bbf83e-645f-451f-8efe-a0db56f09676,8d4626ca-7abd-42ad-be48-56767bbcf272,37dd4458-dc9e-4ae6-a1f1-789c1162d37b"
Muveve Clinic,BKjVuPzUyOi,wMIC5fKYst9,"1c783dca-fd54-4ea8-a0fc-2875374e9cb6,b8bbf83e-645f-451f-8efe-a0db56f09676,8d4626ca-7abd-42ad-be48-56767bbcf272,37dd4458-dc9e-4ae6-a1f1-789c1162d37b"
Ncaute Clinic,wE9fH9mwLhI,wMIC5fKYst9,"1c783dca-fd54-4ea8-a0fc-2875374e9cb6,b8bbf83e-645f-451f-8efe-a0db56f09676,8d4626ca-7abd-42ad-be48-56767bbcf272,37dd4458-dc9e-4ae6-a1f1-789c1162d37b"
Ncuncuni Clinic,wYGprfjWqhz,wMIC5fKYst9,"1c783dca-fd54-4ea8-a0fc-2875374e9cb6,b8bbf83e-645f-451f-8efe-a0db56f09676,8d4626ca-7abd-42ad-be48-56767bbcf272,37dd4458-dc9e-4ae6-a1f1-789c1162d37b"
Ndama Clinic,i7PclNijeDy,wMIC5fKYst9,"1c783dca-fd54-4ea8-a0fc-2875374e9cb6,b8bbf83e-645f-451f-8efe-a0db56f09676,8d4626ca-7abd-42ad-be48-56767bbcf272,37dd4458-dc9e-4ae6-a1f1-789c1162d37b"
Nkarapamwe Clinic,FnyBnrtKmrM,wMIC5fKYst9,"1c783dca-fd54-4ea8-a0fc-2875374e9cb6,b8bbf83e-645f-451f-8efe-a0db56f09676,8d4626ca-7abd-42ad-be48-56767bbcf272,37dd4458-dc9e-4ae6-a1f1-789c1162d37b"
Rundu Clinic,vURjtBtBP40,wMIC5fKYst9,"1c783dca-fd54-4ea8-a0fc-2875374e9cb6,b8bbf83e-645f-451f-8efe-a0db56f09676,8d4626ca-7abd-42ad-be48-56767bbcf272,37dd4458-dc9e-4ae6-a1f1-789c1162d37b"
Rundu District Data,LdSChk12sNm,wMIC5fKYst9,
Rundu Hospital,oz5rYni4oWI,wMIC5fKYst9,"1c783dca-fd54-4ea8-a0fc-2875374e9cb6,b8bbf83e-645f-451f-8efe-a0db56f09676,8d4626ca-7abd-42ad-be48-56767bbcf272,37dd4458-dc9e-4ae6-a1f1-789c1162d37b,c9a8fa19-5001-4e17-9917-fb855e877fa8"
Sauyemwa Clinic,CRML6tqhypY,wMIC5fKYst9,"1c783dca-fd54-4ea8-a0fc-2875374e9cb6,b8bbf83e-645f-451f-8efe-a0db56f09676,8d4626ca-7abd-42ad-be48-56767bbcf272,37dd4458-dc9e-4ae6-a1f1-789c1162d37b"
Shambyu Health Centre,e17qfRmKvYr,wMIC5fKYst9,"1c783dca-fd54-4ea8-a0fc-2875374e9cb6,b8bbf83e-645f-451f-8efe-a0db56f09676,8d4626ca-7abd-42ad-be48-56767bbcf272,37dd4458-dc9e-4ae6-a1f1-789c1162d37b"
Sharukwe Clinic,kDtE1LiHast,wMIC5fKYst9,"1c783dca-fd54-4ea8-a0fc-2875374e9cb6,b8bbf83e-645f-451f-8efe-a0db56f09676,8d4626ca-7abd-42ad-be48-56767bbcf272,37dd4458-dc9e-4ae6-a1f1-789c1162d37b"
Takawasa Clinic,BnejauevWcB,wMIC5fKYst9,"1c783dca-fd54-4ea8-a0fc-2875374e9cb6,b8bbf83e-645f-451f-8efe-a0db56f09676,8d4626ca-7abd-42ad-be48-56767bbcf272,37dd4458-dc9e-4ae6-a1f1-789c1162d37b"
Baumgartsbrunn Clinic,faxn3ud3ivv,OPZrTAb9fdW,"1c783dca-fd54-4ea8-a0fc-2875374e9cb6,b8bbf83e-645f-451f-8efe-a0db56f09676,8d4626ca-7abd-42ad-be48-56767bbcf272,37dd4458-dc9e-4ae6-a1f1-789c1162d37b"
Donkerhoek Clinic,B9W3DN7gMAP,OPZrTAb9fdW,"1c783dca-fd54-4ea8-a0fc-2875374e9cb6,b8bbf83e-645f-451f-8efe-a0db56f09676,8d4626ca-7abd-42ad-be48-56767bbcf272,37dd4458-dc9e-4ae6-a1f1-789c1162d37b"
Dordabis Clinic,HoDgGnj4Ygu,OPZrTAb9fdW,"1c783dca-fd54-4ea8-a0fc-2875374e9cb6,b8bbf83e-645f-451f-8efe-a0db56f09676,8d4626ca-7abd-42ad-be48-56767bbcf272,37dd4458-dc9e-4ae6-a1f1-789c1162d37b"
Family-Community Health Services,xK9Xoqkhop8,OPZrTAb9fdW,"1c783dca-fd54-4ea8-a0fc-2875374e9cb6,b8bbf83e-645f-451f-8efe-a0db56f09676,8d4626ca-7abd-42ad-be48-56767bbcf272,37dd4458-dc9e-4ae6-a1f1-789c1162d37b"
Groot Aub Clinic (Windhoek),OIQKgf2W7Qg,OPZrTAb9fdW,"1c783dca-fd54-4ea8-a0fc-2875374e9cb6,b8bbf83e-645f-451f-8efe-a0db56f09676,8d4626ca-7abd-42ad-be48-56767bbcf272,37dd4458-dc9e-4ae6-a1f1-789c1162d37b"
Hakahana Clinic,W0mpl2ccgmE,OPZrTAb9fdW,"1c783dca-fd54-4ea8-a0fc-2875374e9cb6,b8bbf83e-645f-451f-8efe-a0db56f09676,8d4626ca-7abd-42ad-be48-56767bbcf272,37dd4458-dc9e-4ae6-a1f1-789c1162d37b"
Katutura Health Centre,GGTLdoDHbrR,OPZrTAb9fdW,"1c783dca-fd54-4ea8-a0fc-2875374e9cb6,b8bbf83e-645f-451f-8efe-a0db56f09676,8d4626ca-7abd-42ad-be48-56767bbcf272,37dd4458-dc9e-4ae6-a1f1-789c1162d37b"
Katutura Hospital,QPHYmwHARik,OPZrTAb9fdW,"1c783dca-fd54-4ea8-a0fc-2875374e9cb6,b8bbf83e-645f-451f-8efe-a0db56f09676,8d4626ca-7abd-42ad-be48-56767bbcf272,37dd4458-dc9e-4ae6-a1f1-789c1162d37b,c9a8fa19-5001-4e17-9917-fb855e877fa8"
Khomas Medical Centre,CnEgkMJRoNn,OPZrTAb9fdW,"1c783dca-fd54-4ea8-a0fc-2875374e9cb6,b8bbf83e-645f-451f-8efe-a0db56f09676,8d4626ca-7abd-42ad-be48-56767bbcf272,37dd4458-dc9e-4ae6-a1f1-789c1162d37b"
Khomasdal Health Centre,a8tK5zaryFC,OPZrTAb9fdW,"1c783dca-fd54-4ea8-a0fc-2875374e9cb6,b8bbf83e-645f-451f-8efe-a0db56f09676,8d4626ca-7abd-42ad-be48-56767bbcf272,37dd4458-dc9e-4ae6-a1f1-789c1162d37b"
Okuryangava Clinic,LFH7EjmGILd,OPZrTAb9fdW,"1c783dca-fd54-4ea8-a0fc-2875374e9cb6,b8bbf83e-645f-451f-8efe-a0db56f09676,8d4626ca-7abd-42ad-be48-56767bbcf272,37dd4458-dc9e-4ae6-a1f1-789c1162d37b"
Otjomuise Clinic,CuD0dM0QHni,OPZrTAb9fdW,"1c783dca-fd54-4ea8-a0fc-2875374e9cb6,b8bbf83e-645f-451f-8efe-a0db56f09676,8d4626ca-7abd-42ad-be48-56767bbcf272,37dd4458-dc9e-4ae6-a1f1-789c1162d37b"
PathCare Labs,nq2cnHiuF5w,OPZrTAb9fdW,"1c783dca-fd54-4ea8-a0fc-2875374e9cb6,b8bbf83e-645f-451f-8efe-a0db56f09676,8d4626ca-7abd-42ad-be48-56767bbcf272,37dd4458-dc9e-4ae6-a1f1-789c1162d37b"
Polytechnikon Clinic,AIqnwOXxx8C,OPZrTAb9fdW,"1c783dca-fd54-4ea8-a0fc-2875374e9cb6,b8bbf83e-645f-451f-8efe-a0db56f09676,8d4626ca-7abd-42ad-be48-56767bbcf272,37dd4458-dc9e-4ae6-a1f1-789c1162d37b"
Rhino Park Clinic,jbwnaK3gSD2,OPZrTAb9fdW,"1c783dca-fd54-4ea8-a0fc-2875374e9cb6,b8bbf83e-645f-451f-8efe-a0db56f09676,8d4626ca-7abd-42ad-be48-56767bbcf272,37dd4458-dc9e-4ae6-a1f1-789c1162d37b"
Robert Mugabe Clinic,QE5tqeJE0rp,OPZrTAb9fdW,"1c783dca-fd54-4ea8-a0fc-2875374e9cb6,b8bbf83e-645f-451f-8efe-a0db56f09676,8d4626ca-7abd-42ad-be48-56767bbcf272,37dd4458-dc9e-4ae6-a1f1-789c1162d37b"
Roman Catholic Hospital,uLPT7ft1rde,OPZrTAb9fdW,"1c783dca-fd54-4ea8-a0fc-2875374e9cb6,b8bbf83e-645f-451f-8efe-a0db56f09676,8d4626ca-7abd-42ad-be48-56767bbcf272,37dd4458-dc9e-4ae6-a1f1-789c1162d37b,c9a8fa19-5001-4e17-9917-fb855e877fa8"
University of Namibia Clinic,eNzAIvF5l75,OPZrTAb9fdW,"1c783dca-fd54-4ea8-a0fc-2875374e9cb6,b8bbf83e-645f-451f-8efe-a0db56f09676,8d4626ca-7abd-42ad-be48-56767bbcf272,37dd4458-dc9e-4ae6-a1f1-789c1162d37b"
Van Eck Power Station Clinic,M88bQDDdlAm,OPZrTAb9fdW,"1c783dca-fd54-4ea8-a0fc-2875374e9cb6,b8bbf83e-645f-451f-8efe-a0db56f09676,8d4626ca-7abd-42ad-be48-56767bbcf272,37dd4458-dc9e-4ae6-a1f1-789c1162d37b"
Wanaheda Clinic,Eevw1KtADP0,OPZrTAb9fdW,"1c783dca-fd54-4ea8-a0fc-2875374e9cb6,b8bbf83e-645f-451f-8efe-a0db56f09676,8d4626ca-7abd-42ad-be48-56767bbcf272,37dd4458-dc9e-4ae6-a1f1-789c1162d37b"
Windhoek Central Hospital,KQhv80JO3W9,OPZrTAb9fdW,"1c783dca-fd54-4ea8-a0fc-2875374e9cb6,b8bbf83e-645f-451f-8efe-a0db56f09676,8d4626ca-7abd-42ad-be48-56767bbcf272,37dd4458-dc9e-4ae6-a1f1-789c1162d37b,c9a8fa19-5001-4e17-9917-fb855e877fa8"
Windhoek District Data,drQ4ZRcxq5Y,OPZrTAb9fdW,
Windhoek Hospitals Personnel Health Clinic,OH0CHyFlwEx,OPZrTAb9fdW,"1c783dca-fd54-4ea8-a0fc-2875374e9cb6,b8bbf83e-645f-451f-8efe-a0db56f09676,8d4626ca-7abd-42ad-be48-56767bbcf272,37dd4458-dc9e-4ae6-a1f1-789c1162d37b"
Windhoek Medi-Clinic Hospital,It2mEGYOzIt,OPZrTAb9fdW,"1c783dca-fd54-4ea8-a0fc-2875374e9cb6,b8bbf83e-645f-451f-8efe-a0db56f09676,8d4626ca-7abd-42ad-be48-56767bbcf272,37dd4458-dc9e-4ae6-a1f1-789c1162d37b,c9a8fa19-5001-4e17-9917-fb855e877fa8"
Maxuilili Clinic, f29edb9d-8e4d-4dd9-d70a-327c6ed13a6b,OPZrTAb9fdW,"1c783dca-fd54-4ea8-a0fc-2875374e9cb6,b8bbf83e-645f-451f-8efe-a0db56f09676,8d4626ca-7abd-42ad-be48-56767bbcf272,37dd4458-dc9e-4ae6-a1f1-789c1162d37b"
Anichab Clinic,gtPzpmwAGmJ,ut0VY2RkP4n,"1c783dca-fd54-4ea8-a0fc-2875374e9cb6,b8bbf83e-645f-451f-8efe-a0db56f09676,8d4626ca-7abd-42ad-be48-56767bbcf272,37dd4458-dc9e-4ae6-a1f1-789c1162d37b"
Anker Clinic,nUmA29oGLjw,ut0VY2RkP4n,"1c783dca-fd54-4ea8-a0fc-2875374e9cb6,b8bbf83e-645f-451f-8efe-a0db56f09676,8d4626ca-7abd-42ad-be48-56767bbcf272,37dd4458-dc9e-4ae6-a1f1-789c1162d37b"
Bergsig Clinic,gfH89GgYFCX,ut0VY2RkP4n,"1c783dca-fd54-4ea8-a0fc-2875374e9cb6,b8bbf83e-645f-451f-8efe-a0db56f09676,8d4626ca-7abd-42ad-be48-56767bbcf272,37dd4458-dc9e-4ae6-a1f1-789c1162d37b"
Erwee Clinic,hsFmvG4WCzN,ut0VY2RkP4n,"1c783dca-fd54-4ea8-a0fc-2875374e9cb6,b8bbf83e-645f-451f-8efe-a0db56f09676,8d4626ca-7abd-42ad-be48-56767bbcf272,37dd4458-dc9e-4ae6-a1f1-789c1162d37b"
Fransfontein Clinic,uKGCw3wyRFK,ut0VY2RkP4n,"1c783dca-fd54-4ea8-a0fc-2875374e9cb6,b8bbf83e-645f-451f-8efe-a0db56f09676,8d4626ca-7abd-42ad-be48-56767bbcf272,37dd4458-dc9e-4ae6-a1f1-789c1162d37b"
Khorixas Clinic,CfwslEolrpd,ut0VY2RkP4n,"1c783dca-fd54-4ea8-a0fc-2875374e9cb6,b8bbf83e-645f-451f-8efe-a0db56f09676,8d4626ca-7abd-42ad-be48-56767bbcf272,37dd4458-dc9e-4ae6-a1f1-789c1162d37b"
Khorixas District Data,tMQPrYocV2G,ut0VY2RkP4n,
Khorixas Hospital,HavXOgWO9ip,ut0VY2RkP4n,"1c783dca-fd54-4ea8-a0fc-2875374e9cb6,b8bbf83e-645f-451f-8efe-a0db56f09676,8d4626ca-7abd-42ad-be48-56767bbcf272,37dd4458-dc9e-4ae6-a1f1-789c1162d37b,c9a8fa19-5001-4e17-9917-fb855e877fa8"
Khorixas Private Clinic,M0nwvvUk36S,ut0VY2RkP4n,"1c783dca-fd54-4ea8-a0fc-2875374e9cb6,b8bbf83e-645f-451f-8efe-a0db56f09676,8d4626ca-7abd-42ad-be48-56767bbcf272,37dd4458-dc9e-4ae6-a1f1-789c1162d37b"
Terrace Bay Clinic,vQ2RMMY67MA,ut0VY2RkP4n,"1c783dca-fd54-4ea8-a0fc-2875374e9cb6,b8bbf83e-645f-451f-8efe-a0db56f09676,8d4626ca-7abd-42ad-be48-56767bbcf272,37dd4458-dc9e-4ae6-a1f1-789c1162d37b"
Epupa Clinic,DJqA6VrYx41,dOdJP21SD9O,"1c783dca-fd54-4ea8-a0fc-2875374e9cb6,b8bbf83e-645f-451f-8efe-a0db56f09676,8d4626ca-7abd-42ad-be48-56767bbcf272,37dd4458-dc9e-4ae6-a1f1-789c1162d37b"
Etanga Clinic,xLQrHmCdrZS,dOdJP21SD9O,"1c783dca-fd54-4ea8-a0fc-2875374e9cb6,b8bbf83e-645f-451f-8efe-a0db56f09676,8d4626ca-7abd-42ad-be48-56767bbcf272,37dd4458-dc9e-4ae6-a1f1-789c1162d37b"
Etoto Clinic,juZeBUCqf6R,dOdJP21SD9O,"1c783dca-fd54-4ea8-a0fc-2875374e9cb6,b8bbf83e-645f-451f-8efe-a0db56f09676,8d4626ca-7abd-42ad-be48-56767bbcf272,37dd4458-dc9e-4ae6-a1f1-789c1162d37b"
Ohandungu Clinic,bfUpR87z8wQ,dOdJP21SD9O,"1c783dca-fd54-4ea8-a0fc-2875374e9cb6,b8bbf83e-645f-451f-8efe-a0db56f09676,8d4626ca-7abd-42ad-be48-56767bbcf272,37dd4458-dc9e-4ae6-a1f1-789c1162d37b"
Okangwati Health Centre,p0MjgPQnq0X,dOdJP21SD9O,"1c783dca-fd54-4ea8-a0fc-2875374e9cb6,b8bbf83e-645f-451f-8efe-a0db56f09676,8d4626ca-7abd-42ad-be48-56767bbcf272,37dd4458-dc9e-4ae6-a1f1-789c1162d37b"
Ombombo Clinic,PwNu11haLCo,dOdJP21SD9O,"1c783dca-fd54-4ea8-a0fc-2875374e9cb6,b8bbf83e-645f-451f-8efe-a0db56f09676,8d4626ca-7abd-42ad-be48-56767bbcf272,37dd4458-dc9e-4ae6-a1f1-789c1162d37b"
Ongongo Clinic,PiljaDQL8bP,dOdJP21SD9O,"1c783dca-fd54-4ea8-a0fc-2875374e9cb6,b8bbf83e-645f-451f-8efe-a0db56f09676,8d4626ca-7abd-42ad-be48-56767bbcf272,37dd4458-dc9e-4ae6-a1f1-789c1162d37b"
Opuwo Clinic,Sf8ctjA7qjo,dOdJP21SD9O,"1c783dca-fd54-4ea8-a0fc-2875374e9cb6,b8bbf83e-645f-451f-8efe-a0db56f09676,8d4626ca-7abd-42ad-be48-56767bbcf272,37dd4458-dc9e-4ae6-a1f1-789c1162d37b"
Opuwo District Data,ND49un7u635,dOdJP21SD9O,
Opuwo Hospital,K3mQgKI1knB,dOdJP21SD9O,"1c783dca-fd54-4ea8-a0fc-2875374e9cb6,b8bbf83e-645f-451f-8efe-a0db56f09676,8d4626ca-7abd-42ad-be48-56767bbcf272,37dd4458-dc9e-4ae6-a1f1-789c1162d37b,c9a8fa19-5001-4e17-9917-fb855e877fa8"
Orumana Clinic,tA4zSnHPMr7,dOdJP21SD9O,"1c783dca-fd54-4ea8-a0fc-2875374e9cb6,b8bbf83e-645f-451f-8efe-a0db56f09676,8d4626ca-7abd-42ad-be48-56767bbcf272,37dd4458-dc9e-4ae6-a1f1-789c1162d37b"
Oruvandjei Clinic,xN1clD405w4,dOdJP21SD9O,"1c783dca-fd54-4ea8-a0fc-2875374e9cb6,b8bbf83e-645f-451f-8efe-a0db56f09676,8d4626ca-7abd-42ad-be48-56767bbcf272,37dd4458-dc9e-4ae6-a1f1-789c1162d37b"
Otjimuhaka Clinic,p7wn2r09Xm4,dOdJP21SD9O,"1c783dca-fd54-4ea8-a0fc-2875374e9cb6,b8bbf83e-645f-451f-8efe-a0db56f09676,8d4626ca-7abd-42ad-be48-56767bbcf272,37dd4458-dc9e-4ae6-a1f1-789c1162d37b"
Otjiu Clinic,bg5avZzLLJ2,dOdJP21SD9O,"1c783dca-fd54-4ea8-a0fc-2875374e9cb6,b8bbf83e-645f-451f-8efe-a0db56f09676,8d4626ca-7abd-42ad-be48-56767bbcf272,37dd4458-dc9e-4ae6-a1f1-789c1162d37b"
Otjokavare Clinic,gzMznVJi2lz,dOdJP21SD9O,"1c783dca-fd54-4ea8-a0fc-2875374e9cb6,b8bbf83e-645f-451f-8efe-a0db56f09676,8d4626ca-7abd-42ad-be48-56767bbcf272,37dd4458-dc9e-4ae6-a1f1-789c1162d37b"
Otjondeka Clinic,J4xebr9foZ6,dOdJP21SD9O,"1c783dca-fd54-4ea8-a0fc-2875374e9cb6,b8bbf83e-645f-451f-8efe-a0db56f09676,8d4626ca-7abd-42ad-be48-56767bbcf272,37dd4458-dc9e-4ae6-a1f1-789c1162d37b"
Otuani Clinic,MYLWOov9fpi,dOdJP21SD9O,"1c783dca-fd54-4ea8-a0fc-2875374e9cb6,b8bbf83e-645f-451f-8efe-a0db56f09676,8d4626ca-7abd-42ad-be48-56767bbcf272,37dd4458-dc9e-4ae6-a1f1-789c1162d37b"
Sesfontein Health Centre,eYmCx2NYb7N,dOdJP21SD9O,"1c783dca-fd54-4ea8-a0fc-2875374e9cb6,b8bbf83e-645f-451f-8efe-a0db56f09676,8d4626ca-7abd-42ad-be48-56767bbcf272,37dd4458-dc9e-4ae6-a1f1-789c1162d37b"
Kamanjab Health Centre,sGdmnrxgggM,nBGDrsjRfLw,"1c783dca-fd54-4ea8-a0fc-2875374e9cb6,b8bbf83e-645f-451f-8efe-a0db56f09676,8d4626ca-7abd-42ad-be48-56767bbcf272,37dd4458-dc9e-4ae6-a1f1-789c1162d37b"
Outjo Clinic,jAIELRJpu3p,nBGDrsjRfLw,"1c783dca-fd54-4ea8-a0fc-2875374e9cb6,b8bbf83e-645f-451f-8efe-a0db56f09676,8d4626ca-7abd-42ad-be48-56767bbcf272,37dd4458-dc9e-4ae6-a1f1-789c1162d37b"
Outjo District Data,DLQvaxjwBRd,nBGDrsjRfLw,
Outjo Hospital,Ez9X6wuidg0,nBGDrsjRfLw,"1c783dca-fd54-4ea8-a0fc-2875374e9cb6,b8bbf83e-645f-451f-8efe-a0db56f09676,8d4626ca-7abd-42ad-be48-56767bbcf272,37dd4458-dc9e-4ae6-a1f1-789c1162d37b,c9a8fa19-5001-4e17-9917-fb855e877fa8"
Outjo Maternity Hospital,tXMjhIt8lPr,nBGDrsjRfLw,"1c783dca-fd54-4ea8-a0fc-2875374e9cb6,b8bbf83e-645f-451f-8efe-a0db56f09676,8d4626ca-7abd-42ad-be48-56767bbcf272,37dd4458-dc9e-4ae6-a1f1-789c1162d37b"
Eenhana Clinic,SijcYdYZVXs,pWoACmCrmMl,"1c783dca-fd54-4ea8-a0fc-2875374e9cb6,b8bbf83e-645f-451f-8efe-a0db56f09676,8d4626ca-7abd-42ad-be48-56767bbcf272,37dd4458-dc9e-4ae6-a1f1-789c1162d37b"
Eenhana District Data,W3plfYvnlog,pWoACmCrmMl,
Eenhana Hospital,eRDJ6xPvtxS,pWoACmCrmMl,"1c783dca-fd54-4ea8-a0fc-2875374e9cb6,b8bbf83e-645f-451f-8efe-a0db56f09676,8d4626ca-7abd-42ad-be48-56767bbcf272,37dd4458-dc9e-4ae6-a1f1-789c1162d37b,c9a8fa19-5001-4e17-9917-fb855e877fa8"
Epembe Clinic,ofxhzHlTJXc,pWoACmCrmMl,"1c783dca-fd54-4ea8-a0fc-2875374e9cb6,b8bbf83e-645f-451f-8efe-a0db56f09676,8d4626ca-7abd-42ad-be48-56767bbcf272,37dd4458-dc9e-4ae6-a1f1-789c1162d37b"
Epinga Clinic,ng8uund7MKX,pWoACmCrmMl,"1c783dca-fd54-4ea8-a0fc-2875374e9cb6,b8bbf83e-645f-451f-8efe-a0db56f09676,8d4626ca-7abd-42ad-be48-56767bbcf272,37dd4458-dc9e-4ae6-a1f1-789c1162d37b"
Omundaungilo Clinic,yxhOmdo2CXg,pWoACmCrmMl,"1c783dca-fd54-4ea8-a0fc-2875374e9cb6,b8bbf83e-645f-451f-8efe-a0db56f09676,8d4626ca-7abd-42ad-be48-56767bbcf272,37dd4458-dc9e-4ae6-a1f1-789c1162d37b"
Onambutu Clinic,vhQLfAH9Msq,pWoACmCrmMl,"1c783dca-fd54-4ea8-a0fc-2875374e9cb6,b8bbf83e-645f-451f-8efe-a0db56f09676,8d4626ca-7abd-42ad-be48-56767bbcf272,37dd4458-dc9e-4ae6-a1f1-789c1162d37b"
Onangolo Clinic,xDzRNevHHuM,pWoACmCrmMl,"1c783dca-fd54-4ea8-a0fc-2875374e9cb6,b8bbf83e-645f-451f-8efe-a0db56f09676,8d4626ca-7abd-42ad-be48-56767bbcf272,37dd4458-dc9e-4ae6-a1f1-789c1162d37b"
Ongulayanetanga Clinic,SMyvheSlUVF,pWoACmCrmMl,"1c783dca-fd54-4ea8-a0fc-2875374e9cb6,b8bbf83e-645f-451f-8efe-a0db56f09676,8d4626ca-7abd-42ad-be48-56767bbcf272,37dd4458-dc9e-4ae6-a1f1-789c1162d37b"
Oshaango Clinic,p6ihkGYHoy9,pWoACmCrmMl,"1c783dca-fd54-4ea8-a0fc-2875374e9cb6,b8bbf83e-645f-451f-8efe-a0db56f09676,8d4626ca-7abd-42ad-be48-56767bbcf272,37dd4458-dc9e-4ae6-a1f1-789c1162d37b"
Oshandi Clinic,VWFew5Hfrm9,pWoACmCrmMl,"1c783dca-fd54-4ea8-a0fc-2875374e9cb6,b8bbf83e-645f-451f-8efe-a0db56f09676,8d4626ca-7abd-42ad-be48-56767bbcf272,37dd4458-dc9e-4ae6-a1f1-789c1162d37b"
Oshikunde Clinic,GeeQ5pT4Ata,pWoACmCrmMl,"1c783dca-fd54-4ea8-a0fc-2875374e9cb6,b8bbf83e-645f-451f-8efe-a0db56f09676,8d4626ca-7abd-42ad-be48-56767bbcf272,37dd4458-dc9e-4ae6-a1f1-789c1162d37b"
Edundja Clinic,DVBR4Ng2ORX,qAWnilOcDa8,"1c783dca-fd54-4ea8-a0fc-2875374e9cb6,b8bbf83e-645f-451f-8efe-a0db56f09676,8d4626ca-7abd-42ad-be48-56767bbcf272,37dd4458-dc9e-4ae6-a1f1-789c1162d37b"
Endola Clinic,doUgayD9Rj5,qAWnilOcDa8,"1c783dca-fd54-4ea8-a0fc-2875374e9cb6,b8bbf83e-645f-451f-8efe-a0db56f09676,8d4626ca-7abd-42ad-be48-56767bbcf272,37dd4458-dc9e-4ae6-a1f1-789c1162d37b"
Engela Clinic,i1QIsO1kAp3,qAWnilOcDa8,"1c783dca-fd54-4ea8-a0fc-2875374e9cb6,b8bbf83e-645f-451f-8efe-a0db56f09676,8d4626ca-7abd-42ad-be48-56767bbcf272,37dd4458-dc9e-4ae6-a1f1-789c1162d37b"
Engela District Data,MsEagkRsP0T,qAWnilOcDa8,
Engela Hospital,hxcCuuBOkC4,qAWnilOcDa8,"1c783dca-fd54-4ea8-a0fc-2875374e9cb6,b8bbf83e-645f-451f-8efe-a0db56f09676,8d4626ca-7abd-42ad-be48-56767bbcf272,37dd4458-dc9e-4ae6-a1f1-789c1162d37b,c9a8fa19-5001-4e17-9917-fb855e877fa8"
Eudafano Clinic,KFhA4G6l1Z1,qAWnilOcDa8,"1c783dca-fd54-4ea8-a0fc-2875374e9cb6,b8bbf83e-645f-451f-8efe-a0db56f09676,8d4626ca-7abd-42ad-be48-56767bbcf272,37dd4458-dc9e-4ae6-a1f1-789c1162d37b"
Hamukoto waKapa Clinic,hdU2KOFoFDN,qAWnilOcDa8,"1c783dca-fd54-4ea8-a0fc-2875374e9cb6,b8bbf83e-645f-451f-8efe-a0db56f09676,8d4626ca-7abd-42ad-be48-56767bbcf272,37dd4458-dc9e-4ae6-a1f1-789c1162d37b"
Odibo Health Centre,lUgylqwbxHi,qAWnilOcDa8,"1c783dca-fd54-4ea8-a0fc-2875374e9cb6,b8bbf83e-645f-451f-8efe-a0db56f09676,8d4626ca-7abd-42ad-be48-56767bbcf272,37dd4458-dc9e-4ae6-a1f1-789c1162d37b"
Ohalushu Clinic,mSVlqJ4wtUm,qAWnilOcDa8,"1c783dca-fd54-4ea8-a0fc-2875374e9cb6,b8bbf83e-645f-451f-8efe-a0db56f09676,8d4626ca-7abd-42ad-be48-56767bbcf272,37dd4458-dc9e-4ae6-a1f1-789c1162d37b"
Ohangwena Clinic,YDdAV2R7fpa,qAWnilOcDa8,"1c783dca-fd54-4ea8-a0fc-2875374e9cb6,b8bbf83e-645f-451f-8efe-a0db56f09676,8d4626ca-7abd-42ad-be48-56767bbcf272,37dd4458-dc9e-4ae6-a1f1-789c1162d37b"
Ohaukelo Clinic,QkPV6A7e74o,qAWnilOcDa8,"1c783dca-fd54-4ea8-a0fc-2875374e9cb6,b8bbf83e-645f-451f-8efe-a0db56f09676,8d4626ca-7abd-42ad-be48-56767bbcf272,37dd4458-dc9e-4ae6-a1f1-789c1162d37b"
Okambebe Clinic,yBpES83eD7R,qAWnilOcDa8,"1c783dca-fd54-4ea8-a0fc-2875374e9cb6,b8bbf83e-645f-451f-8efe-a0db56f09676,8d4626ca-7abd-42ad-be48-56767bbcf272,37dd4458-dc9e-4ae6-a1f1-789c1162d37b"
Okatope Clinic,z3gifcU1hwb,qAWnilOcDa8,"1c783dca-fd54-4ea8-a0fc-2875374e9cb6,b8bbf83e-645f-451f-8efe-a0db56f09676,8d4626ca-7abd-42ad-be48-56767bbcf272,37dd4458-dc9e-4ae6-a1f1-789c1162d37b"
Omundudu Clinic,gTzwAQTlX9A,qAWnilOcDa8,"1c783dca-fd54-4ea8-a0fc-2875374e9cb6,b8bbf83e-645f-451f-8efe-a0db56f09676,8d4626ca-7abd-42ad-be48-56767bbcf272,37dd4458-dc9e-4ae6-a1f1-789c1162d37b"
Omungwelume Clinic,WNwuD4sNGoM,qAWnilOcDa8,"1c783dca-fd54-4ea8-a0fc-2875374e9cb6,b8bbf83e-645f-451f-8efe-a0db56f09676,8d4626ca-7abd-42ad-be48-56767bbcf272,37dd4458-dc9e-4ae6-a1f1-789c1162d37b"
Onamukulo Clinic,J83JtnFX18B,qAWnilOcDa8,"1c783dca-fd54-4ea8-a0fc-2875374e9cb6,b8bbf83e-645f-451f-8efe-a0db56f09676,8d4626ca-7abd-42ad-be48-56767bbcf272,37dd4458-dc9e-4ae6-a1f1-789c1162d37b"
Ondobe Clinic,raS3FkAX8Bo,qAWnilOcDa8,"1c783dca-fd54-4ea8-a0fc-2875374e9cb6,b8bbf83e-645f-451f-8efe-a0db56f09676,8d4626ca-7abd-42ad-be48-56767bbcf272,37dd4458-dc9e-4ae6-a1f1-789c1162d37b"
Onekwaya Clinic,GmoysL2hi4Q,qAWnilOcDa8,"1c783dca-fd54-4ea8-a0fc-2875374e9cb6,b8bbf83e-645f-451f-8efe-a0db56f09676,8d4626ca-7abd-42ad-be48-56767bbcf272,37dd4458-dc9e-4ae6-a1f1-789c1162d37b"
Ongenga Clinic,T7gs6cLVQ8X,qAWnilOcDa8,"1c783dca-fd54-4ea8-a0fc-2875374e9cb6,b8bbf83e-645f-451f-8efe-a0db56f09676,8d4626ca-7abd-42ad-be48-56767bbcf272,37dd4458-dc9e-4ae6-a1f1-789c1162d37b"
Ongha Clinic,RH9pj9dQ5uG,qAWnilOcDa8,"1c783dca-fd54-4ea8-a0fc-2875374e9cb6,b8bbf83e-645f-451f-8efe-a0db56f09676,8d4626ca-7abd-42ad-be48-56767bbcf272,37dd4458-dc9e-4ae6-a1f1-789c1162d37b"
Ekoka Clinic,d2dWGTTmSJr,FKhUQqO7kgp,"1c783dca-fd54-4ea8-a0fc-2875374e9cb6,b8bbf83e-645f-451f-8efe-a0db56f09676,8d4626ca-7abd-42ad-be48-56767bbcf272,37dd4458-dc9e-4ae6-a1f1-789c1162d37b"
Okongo Clinic,m2PHOpQMv6A,FKhUQqO7kgp,"1c783dca-fd54-4ea8-a0fc-2875374e9cb6,b8bbf83e-645f-451f-8efe-a0db56f09676,8d4626ca-7abd-42ad-be48-56767bbcf272,37dd4458-dc9e-4ae6-a1f1-789c1162d37b"
Okongo District Data,zVQiPcIoAM7,FKhUQqO7kgp,
Okongo Hospital,fK4mIQrHMmc,FKhUQqO7kgp,"1c783dca-fd54-4ea8-a0fc-2875374e9cb6,b8bbf83e-645f-451f-8efe-a0db56f09676,8d4626ca-7abd-42ad-be48-56767bbcf272,37dd4458-dc9e-4ae6-a1f1-789c1162d37b,c9a8fa19-5001-4e17-9917-fb855e877fa8"
Olukula Clinic,MIL37E4RNO5,FKhUQqO7kgp,"1c783dca-fd54-4ea8-a0fc-2875374e9cb6,b8bbf83e-645f-451f-8efe-a0db56f09676,8d4626ca-7abd-42ad-be48-56767bbcf272,37dd4458-dc9e-4ae6-a1f1-789c1162d37b"
Omboloka Clinic,zjYX57XPBxu,FKhUQqO7kgp,"1c783dca-fd54-4ea8-a0fc-2875374e9cb6,b8bbf83e-645f-451f-8efe-a0db56f09676,8d4626ca-7abd-42ad-be48-56767bbcf272,37dd4458-dc9e-4ae6-a1f1-789c1162d37b"
Aminuis Clinic,F2KAPbj4ksO,pCHdG1g9imN,"1c783dca-fd54-4ea8-a0fc-2875374e9cb6,b8bbf83e-645f-451f-8efe-a0db56f09676,8d4626ca-7abd-42ad-be48-56767bbcf272,37dd4458-dc9e-4ae6-a1f1-789c1162d37b"
Borderpost Clinic,cdHtME7jz7V,pCHdG1g9imN,"1c783dca-fd54-4ea8-a0fc-2875374e9cb6,b8bbf83e-645f-451f-8efe-a0db56f09676,8d4626ca-7abd-42ad-be48-56767bbcf272,37dd4458-dc9e-4ae6-a1f1-789c1162d37b"
Corridor Clinic,Zuk9tl5d7H9,pCHdG1g9imN,"1c783dca-fd54-4ea8-a0fc-2875374e9cb6,b8bbf83e-645f-451f-8efe-a0db56f09676,8d4626ca-7abd-42ad-be48-56767bbcf272,37dd4458-dc9e-4ae6-a1f1-789c1162d37b"
Dr Gabi Consulting,lWlOfldQv7C,pCHdG1g9imN,"1c783dca-fd54-4ea8-a0fc-2875374e9cb6,b8bbf83e-645f-451f-8efe-a0db56f09676,8d4626ca-7abd-42ad-be48-56767bbcf272,37dd4458-dc9e-4ae6-a1f1-789c1162d37b"
Dr Ihemba Consulting,yDugL3kTByv,pCHdG1g9imN,"1c783dca-fd54-4ea8-a0fc-2875374e9cb6,b8bbf83e-645f-451f-8efe-a0db56f09676,8d4626ca-7abd-42ad-be48-56767bbcf272,37dd4458-dc9e-4ae6-a1f1-789c1162d37b"
Dr Opperman Consulting,IOGcSDB00YQ,pCHdG1g9imN,"1c783dca-fd54-4ea8-a0fc-2875374e9cb6,b8bbf83e-645f-451f-8efe-a0db56f09676,8d4626ca-7abd-42ad-be48-56767bbcf272,37dd4458-dc9e-4ae6-a1f1-789c1162d37b"
Dr. Smit Consulting,MZ5ty5ydNMz,pCHdG1g9imN,"1c783dca-fd54-4ea8-a0fc-2875374e9cb6,b8bbf83e-645f-451f-8efe-a0db56f09676,8d4626ca-7abd-42ad-be48-56767bbcf272,37dd4458-dc9e-4ae6-a1f1-789c1162d37b"
Eiseb Block Clinic,vjpiVujuN62,pCHdG1g9imN,"1c783dca-fd54-4ea8-a0fc-2875374e9cb6,b8bbf83e-645f-451f-8efe-a0db56f09676,8d4626ca-7abd-42ad-be48-56767bbcf272,37dd4458-dc9e-4ae6-a1f1-789c1162d37b"
Epako Clinic,YM0qFmbr9Rh,pCHdG1g9imN,"1c783dca-fd54-4ea8-a0fc-2875374e9cb6,b8bbf83e-645f-451f-8efe-a0db56f09676,8d4626ca-7abd-42ad-be48-56767bbcf272,37dd4458-dc9e-4ae6-a1f1-789c1162d37b"
Epikuro Post 3 Clinic,lrCTB5KwSUa,pCHdG1g9imN,"1c783dca-fd54-4ea8-a0fc-2875374e9cb6,b8bbf83e-645f-451f-8efe-a0db56f09676,8d4626ca-7abd-42ad-be48-56767bbcf272,37dd4458-dc9e-4ae6-a1f1-789c1162d37b"
Gobabis District Data,zI3hHLKkfxc,pCHdG1g9imN,
Gobabis Health Centre,qeii3Bj2AoE,pCHdG1g9imN,"1c783dca-fd54-4ea8-a0fc-2875374e9cb6,b8bbf83e-645f-451f-8efe-a0db56f09676,8d4626ca-7abd-42ad-be48-56767bbcf272,37dd4458-dc9e-4ae6-a1f1-789c1162d37b"
Gobabis Hospital,K9ISp1qfyYQ,pCHdG1g9imN,"1c783dca-fd54-4ea8-a0fc-2875374e9cb6,b8bbf83e-645f-451f-8efe-a0db56f09676,8d4626ca-7abd-42ad-be48-56767bbcf272,37dd4458-dc9e-4ae6-a1f1-789c1162d37b,c9a8fa19-5001-4e17-9917-fb855e877fa8"
Gobabis Private Facilities,PeTCLDM2Zz6,pCHdG1g9imN,"1c783dca-fd54-4ea8-a0fc-2875374e9cb6,b8bbf83e-645f-451f-8efe-a0db56f09676,8d4626ca-7abd-42ad-be48-56767bbcf272,37dd4458-dc9e-4ae6-a1f1-789c1162d37b"
Leonardville Clinic,uB5OsvE8PGZ,pCHdG1g9imN,"1c783dca-fd54-4ea8-a0fc-2875374e9cb6,b8bbf83e-645f-451f-8efe-a0db56f09676,8d4626ca-7abd-42ad-be48-56767bbcf272,37dd4458-dc9e-4ae6-a1f1-789c1162d37b"
Mister Sister - Outreach,vpT6Q5fzp7F,pCHdG1g9imN,"1c783dca-fd54-4ea8-a0fc-2875374e9cb6,b8bbf83e-645f-451f-8efe-a0db56f09676,8d4626ca-7abd-42ad-be48-56767bbcf272,37dd4458-dc9e-4ae6-a1f1-789c1162d37b"
Ofinene Health Centre,wwnKHu7tLts,pCHdG1g9imN,"1c783dca-fd54-4ea8-a0fc-2875374e9cb6,b8bbf83e-645f-451f-8efe-a0db56f09676,8d4626ca-7abd-42ad-be48-56767bbcf272,37dd4458-dc9e-4ae6-a1f1-789c1162d37b"
Omitara Clinic,Hfta133B7Jq,pCHdG1g9imN,"1c783dca-fd54-4ea8-a0fc-2875374e9cb6,b8bbf83e-645f-451f-8efe-a0db56f09676,8d4626ca-7abd-42ad-be48-56767bbcf272,37dd4458-dc9e-4ae6-a1f1-789c1162d37b"
Onderombapa Clinic,e1iRHBCEMyB,pCHdG1g9imN,"1c783dca-fd54-4ea8-a0fc-2875374e9cb6,b8bbf83e-645f-451f-8efe-a0db56f09676,8d4626ca-7abd-42ad-be48-56767bbcf272,37dd4458-dc9e-4ae6-a1f1-789c1162d37b"
Otjimanangombe Clinic,qk1wu0Bwgbq,pCHdG1g9imN,"1c783dca-fd54-4ea8-a0fc-2875374e9cb6,b8bbf83e-645f-451f-8efe-a0db56f09676,8d4626ca-7abd-42ad-be48-56767bbcf272,37dd4458-dc9e-4ae6-a1f1-789c1162d37b"
Otjinene Health Centre,WVKaxo18kQS,pCHdG1g9imN,"1c783dca-fd54-4ea8-a0fc-2875374e9cb6,b8bbf83e-645f-451f-8efe-a0db56f09676,8d4626ca-7abd-42ad-be48-56767bbcf272,37dd4458-dc9e-4ae6-a1f1-789c1162d37b"
Sendingplaas Clinic,YG1WMmusg3l,pCHdG1g9imN,"1c783dca-fd54-4ea8-a0fc-2875374e9cb6,b8bbf83e-645f-451f-8efe-a0db56f09676,8d4626ca-7abd-42ad-be48-56767bbcf272,37dd4458-dc9e-4ae6-a1f1-789c1162d37b"
Tallismanus Clinic,xRMR0Nl1FwO,pCHdG1g9imN,"1c783dca-fd54-4ea8-a0fc-2875374e9cb6,b8bbf83e-645f-451f-8efe-a0db56f09676,8d4626ca-7abd-42ad-be48-56767bbcf272,37dd4458-dc9e-4ae6-a1f1-789c1162d37b"
Witvlei Clinic,p0JzU1IBlyX,pCHdG1g9imN,"1c783dca-fd54-4ea8-a0fc-2875374e9cb6,b8bbf83e-645f-451f-8efe-a0db56f09676,8d4626ca-7abd-42ad-be48-56767bbcf272,37dd4458-dc9e-4ae6-a1f1-789c1162d37b"
Amarika Clinic,UyVjYkWtZMz,EcsNePeiu8B,"1c783dca-fd54-4ea8-a0fc-2875374e9cb6,b8bbf83e-645f-451f-8efe-a0db56f09676,8d4626ca-7abd-42ad-be48-56767bbcf272,37dd4458-dc9e-4ae6-a1f1-789c1162d37b"
Eendombe Clinic,FYpjNzNkRgt,EcsNePeiu8B,"1c783dca-fd54-4ea8-a0fc-2875374e9cb6,b8bbf83e-645f-451f-8efe-a0db56f09676,8d4626ca-7abd-42ad-be48-56767bbcf272,37dd4458-dc9e-4ae6-a1f1-789c1162d37b"
Etilyasa Clinic,yqhS9Gq4PX2,EcsNePeiu8B,"1c783dca-fd54-4ea8-a0fc-2875374e9cb6,b8bbf83e-645f-451f-8efe-a0db56f09676,8d4626ca-7abd-42ad-be48-56767bbcf272,37dd4458-dc9e-4ae6-a1f1-789c1162d37b"
Indira Gandhi Health Centre,D4840Q9vwIj,EcsNePeiu8B,"1c783dca-fd54-4ea8-a0fc-2875374e9cb6,b8bbf83e-645f-451f-8efe-a0db56f09676,8d4626ca-7abd-42ad-be48-56767bbcf272,37dd4458-dc9e-4ae6-a1f1-789c1162d37b"
Nujoma-Eya Clinic,fs1OEUKBudn,EcsNePeiu8B,"1c783dca-fd54-4ea8-a0fc-2875374e9cb6,b8bbf83e-645f-451f-8efe-a0db56f09676,8d4626ca-7abd-42ad-be48-56767bbcf272,37dd4458-dc9e-4ae6-a1f1-789c1162d37b"
Okahao Clinic,dvLp4V4T1Cf,EcsNePeiu8B,"1c783dca-fd54-4ea8-a0fc-2875374e9cb6,b8bbf83e-645f-451f-8efe-a0db56f09676,8d4626ca-7abd-42ad-be48-56767bbcf272,37dd4458-dc9e-4ae6-a1f1-789c1162d37b"
Okahao District Data,pqewRJQ9IdA,EcsNePeiu8B,
Okahao Hospital,OocmWk0GKjJ,EcsNePeiu8B,"1c783dca-fd54-4ea8-a0fc-2875374e9cb6,b8bbf83e-645f-451f-8efe-a0db56f09676,8d4626ca-7abd-42ad-be48-56767bbcf272,37dd4458-dc9e-4ae6-a1f1-789c1162d37b,c9a8fa19-5001-4e17-9917-fb855e877fa8"
Okahao Private Clinic,Wc1Hd3enCIG,EcsNePeiu8B,"1c783dca-fd54-4ea8-a0fc-2875374e9cb6,b8bbf83e-645f-451f-8efe-a0db56f09676,8d4626ca-7abd-42ad-be48-56767bbcf272,37dd4458-dc9e-4ae6-a1f1-789c1162d37b"
Oluteyi Clinic,TB0yEehvc4z,EcsNePeiu8B,"1c783dca-fd54-4ea8-a0fc-2875374e9cb6,b8bbf83e-645f-451f-8efe-a0db56f09676,8d4626ca-7abd-42ad-be48-56767bbcf272,37dd4458-dc9e-4ae6-a1f1-789c1162d37b"
Onamatanga Clinic,NRUFElFCzxV,EcsNePeiu8B,"1c783dca-fd54-4ea8-a0fc-2875374e9cb6,b8bbf83e-645f-451f-8efe-a0db56f09676,8d4626ca-7abd-42ad-be48-56767bbcf272,37dd4458-dc9e-4ae6-a1f1-789c1162d37b"
Otamanzi Clinic,Rdq72kBPTfr,EcsNePeiu8B,"1c783dca-fd54-4ea8-a0fc-2875374e9cb6,b8bbf83e-645f-451f-8efe-a0db56f09676,8d4626ca-7abd-42ad-be48-56767bbcf272,37dd4458-dc9e-4ae6-a1f1-789c1162d37b"
Uutsathima Clinic,slUmOIg0cEQ,EcsNePeiu8B,"1c783dca-fd54-4ea8-a0fc-2875374e9cb6,b8bbf83e-645f-451f-8efe-a0db56f09676,8d4626ca-7abd-42ad-be48-56767bbcf272,37dd4458-dc9e-4ae6-a1f1-789c1162d37b"
Elim Health Centre,JPdikUXe2Pa,qUvunSjZohO,"1c783dca-fd54-4ea8-a0fc-2875374e9cb6,b8bbf83e-645f-451f-8efe-a0db56f09676,8d4626ca-7abd-42ad-be48-56767bbcf272,37dd4458-dc9e-4ae6-a1f1-789c1162d37b"
Epoko Clinic,udkjFv9svtd,qUvunSjZohO,"1c783dca-fd54-4ea8-a0fc-2875374e9cb6,b8bbf83e-645f-451f-8efe-a0db56f09676,8d4626ca-7abd-42ad-be48-56767bbcf272,37dd4458-dc9e-4ae6-a1f1-789c1162d37b"
Iipanda-Yaamiti Clinic,s1BJeSplWRB,qUvunSjZohO,"1c783dca-fd54-4ea8-a0fc-2875374e9cb6,b8bbf83e-645f-451f-8efe-a0db56f09676,8d4626ca-7abd-42ad-be48-56767bbcf272,37dd4458-dc9e-4ae6-a1f1-789c1162d37b"
Odimbwa Clinic,wRGmcNsxG7u,qUvunSjZohO,"1c783dca-fd54-4ea8-a0fc-2875374e9cb6,b8bbf83e-645f-451f-8efe-a0db56f09676,8d4626ca-7abd-42ad-be48-56767bbcf272,37dd4458-dc9e-4ae6-a1f1-789c1162d37b"
Ogongo Clinic,x79c3tvMm8D,qUvunSjZohO,"1c783dca-fd54-4ea8-a0fc-2875374e9cb6,b8bbf83e-645f-451f-8efe-a0db56f09676,8d4626ca-7abd-42ad-be48-56767bbcf272,37dd4458-dc9e-4ae6-a1f1-789c1162d37b"
Okalongo Health Centre,j8zdsXQVmQP,qUvunSjZohO,"1c783dca-fd54-4ea8-a0fc-2875374e9cb6,b8bbf83e-645f-451f-8efe-a0db56f09676,8d4626ca-7abd-42ad-be48-56767bbcf272,37dd4458-dc9e-4ae6-a1f1-789c1162d37b"
Okando Clinic,LZC7qQuUayE,qUvunSjZohO,"1c783dca-fd54-4ea8-a0fc-2875374e9cb6,b8bbf83e-645f-451f-8efe-a0db56f09676,8d4626ca-7abd-42ad-be48-56767bbcf272,37dd4458-dc9e-4ae6-a1f1-789c1162d37b"
Okathitu Clinic,TxQSNIWyfK5,qUvunSjZohO,"1c783dca-fd54-4ea8-a0fc-2875374e9cb6,b8bbf83e-645f-451f-8efe-a0db56f09676,8d4626ca-7abd-42ad-be48-56767bbcf272,37dd4458-dc9e-4ae6-a1f1-789c1162d37b"
Olupandu Clinic,DD80E48fYPI,qUvunSjZohO,"1c783dca-fd54-4ea8-a0fc-2875374e9cb6,b8bbf83e-645f-451f-8efe-a0db56f09676,8d4626ca-7abd-42ad-be48-56767bbcf272,37dd4458-dc9e-4ae6-a1f1-789c1162d37b"
Olutsiidhi Clinic,K3e17xGMgwi,qUvunSjZohO,"1c783dca-fd54-4ea8-a0fc-2875374e9cb6,b8bbf83e-645f-451f-8efe-a0db56f09676,8d4626ca-7abd-42ad-be48-56767bbcf272,37dd4458-dc9e-4ae6-a1f1-789c1162d37b"
Omagalanga Clinic,IQ5cWTwEHUG,qUvunSjZohO,"1c783dca-fd54-4ea8-a0fc-2875374e9cb6,b8bbf83e-645f-451f-8efe-a0db56f09676,8d4626ca-7abd-42ad-be48-56767bbcf272,37dd4458-dc9e-4ae6-a1f1-789c1162d37b"
Omuthitugwonyama Clinic,hWQDG56ONzy,qUvunSjZohO,"1c783dca-fd54-4ea8-a0fc-2875374e9cb6,b8bbf83e-645f-451f-8efe-a0db56f09676,8d4626ca-7abd-42ad-be48-56767bbcf272,37dd4458-dc9e-4ae6-a1f1-789c1162d37b"
Omutundungu Clinic,o8nOTSzUSvb,qUvunSjZohO,"1c783dca-fd54-4ea8-a0fc-2875374e9cb6,b8bbf83e-645f-451f-8efe-a0db56f09676,8d4626ca-7abd-42ad-be48-56767bbcf272,37dd4458-dc9e-4ae6-a1f1-789c1162d37b"
Onaanda Clinic,yuRJwIhTu88,qUvunSjZohO,"1c783dca-fd54-4ea8-a0fc-2875374e9cb6,b8bbf83e-645f-451f-8efe-a0db56f09676,8d4626ca-7abd-42ad-be48-56767bbcf272,37dd4458-dc9e-4ae6-a1f1-789c1162d37b"
Onheleiwa Clinic,oXFLdTRrvGG,qUvunSjZohO,"1c783dca-fd54-4ea8-a0fc-2875374e9cb6,b8bbf83e-645f-451f-8efe-a0db56f09676,8d4626ca-7abd-42ad-be48-56767bbcf272,37dd4458-dc9e-4ae6-a1f1-789c1162d37b"
Onkani Clinic,Og1aYOXJqNK,qUvunSjZohO,"1c783dca-fd54-4ea8-a0fc-2875374e9cb6,b8bbf83e-645f-451f-8efe-a0db56f09676,8d4626ca-7abd-42ad-be48-56767bbcf272,37dd4458-dc9e-4ae6-a1f1-789c1162d37b"
Oshikuku District Data,BD09Xcfsb7M,qUvunSjZohO,
Oshikuku Hospital,fPJ3hdwdvI7,qUvunSjZohO,"1c783dca-fd54-4ea8-a0fc-2875374e9cb6,b8bbf83e-645f-451f-8efe-a0db56f09676,8d4626ca-7abd-42ad-be48-56767bbcf272,37dd4458-dc9e-4ae6-a1f1-789c1162d37b,c9a8fa19-5001-4e17-9917-fb855e877fa8"
Othika Clinic,VHNmmmPPwJx,qUvunSjZohO,"1c783dca-fd54-4ea8-a0fc-2875374e9cb6,b8bbf83e-645f-451f-8efe-a0db56f09676,8d4626ca-7abd-42ad-be48-56767bbcf272,37dd4458-dc9e-4ae6-a1f1-789c1162d37b"
Sheetekela Clinic,d1tTmgr8YRR,qUvunSjZohO,"1c783dca-fd54-4ea8-a0fc-2875374e9cb6,b8bbf83e-645f-451f-8efe-a0db56f09676,8d4626ca-7abd-42ad-be48-56767bbcf272,37dd4458-dc9e-4ae6-a1f1-789c1162d37b"
St Benedictus Clinic,Dwpfbg9I65J,qUvunSjZohO,"1c783dca-fd54-4ea8-a0fc-2875374e9cb6,b8bbf83e-645f-451f-8efe-a0db56f09676,8d4626ca-7abd-42ad-be48-56767bbcf272,37dd4458-dc9e-4ae6-a1f1-789c1162d37b"
Anamulenge Clinic,Iil3CGXTift,kvoY0kknTC4,"1c783dca-fd54-4ea8-a0fc-2875374e9cb6,b8bbf83e-645f-451f-8efe-a0db56f09676,8d4626ca-7abd-42ad-be48-56767bbcf272,37dd4458-dc9e-4ae6-a1f1-789c1162d37b"
Eengolo Clinic,W2dxPWrIPj0,kvoY0kknTC4,"1c783dca-fd54-4ea8-a0fc-2875374e9cb6,b8bbf83e-645f-451f-8efe-a0db56f09676,8d4626ca-7abd-42ad-be48-56767bbcf272,37dd4458-dc9e-4ae6-a1f1-789c1162d37b"
Eunda Clinic,zM4NN4hhH5b,kvoY0kknTC4,"1c783dca-fd54-4ea8-a0fc-2875374e9cb6,b8bbf83e-645f-451f-8efe-a0db56f09676,8d4626ca-7abd-42ad-be48-56767bbcf272,37dd4458-dc9e-4ae6-a1f1-789c1162d37b"
Mahenene Health Centre,qtjtGktRm2t,kvoY0kknTC4,"1c783dca-fd54-4ea8-a0fc-2875374e9cb6,b8bbf83e-645f-451f-8efe-a0db56f09676,8d4626ca-7abd-42ad-be48-56767bbcf272,37dd4458-dc9e-4ae6-a1f1-789c1162d37b"
Omona Wa Tjihozu Health Centre,BHjukGymbeK,kvoY0kknTC4,"1c783dca-fd54-4ea8-a0fc-2875374e9cb6,b8bbf83e-645f-451f-8efe-a0db56f09676,8d4626ca-7abd-42ad-be48-56767bbcf272,37dd4458-dc9e-4ae6-a1f1-789c1162d37b"
Onawa Clinic,Kqlf7d7ZY06,kvoY0kknTC4,"1c783dca-fd54-4ea8-a0fc-2875374e9cb6,b8bbf83e-645f-451f-8efe-a0db56f09676,8d4626ca-7abd-42ad-be48-56767bbcf272,37dd4458-dc9e-4ae6-a1f1-789c1162d37b"
Oshaala Clinic,OTJQTaFAnEf,kvoY0kknTC4,"1c783dca-fd54-4ea8-a0fc-2875374e9cb6,b8bbf83e-645f-451f-8efe-a0db56f09676,8d4626ca-7abd-42ad-be48-56767bbcf272,37dd4458-dc9e-4ae6-a1f1-789c1162d37b"
Outapi Clinic,dPQhgMYgsfL,kvoY0kknTC4,"1c783dca-fd54-4ea8-a0fc-2875374e9cb6,b8bbf83e-645f-451f-8efe-a0db56f09676,8d4626ca-7abd-42ad-be48-56767bbcf272,37dd4458-dc9e-4ae6-a1f1-789c1162d37b"
Outapi District Data,qtR7h9Q77vJ,kvoY0kknTC4,
Outapi Hospital,sV0WIclEUMl,kvoY0kknTC4,"1c783dca-fd54-4ea8-a0fc-2875374e9cb6,b8bbf83e-645f-451f-8efe-a0db56f09676,8d4626ca-7abd-42ad-be48-56767bbcf272,37dd4458-dc9e-4ae6-a1f1-789c1162d37b,c9a8fa19-5001-4e17-9917-fb855e877fa8"
Ruacana Clinic,ECwY8FqtEzn,kvoY0kknTC4,"1c783dca-fd54-4ea8-a0fc-2875374e9cb6,b8bbf83e-645f-451f-8efe-a0db56f09676,8d4626ca-7abd-42ad-be48-56767bbcf272,37dd4458-dc9e-4ae6-a1f1-789c1162d37b"
Hope Medical Centre,msKNuUf1NBS,QH5y5NkOxfc,"1c783dca-fd54-4ea8-a0fc-2875374e9cb6,b8bbf83e-645f-451f-8efe-a0db56f09676,8d4626ca-7abd-42ad-be48-56767bbcf272,37dd4458-dc9e-4ae6-a1f1-789c1162d37b"
Iilyateko Clinic,U5qTVVRJJMI,QH5y5NkOxfc,"1c783dca-fd54-4ea8-a0fc-2875374e9cb6,b8bbf83e-645f-451f-8efe-a0db56f09676,8d4626ca-7abd-42ad-be48-56767bbcf272,37dd4458-dc9e-4ae6-a1f1-789c1162d37b"
Okatseidhi Clinic,jWzOTFz4i75,QH5y5NkOxfc,"1c783dca-fd54-4ea8-a0fc-2875374e9cb6,b8bbf83e-645f-451f-8efe-a0db56f09676,8d4626ca-7abd-42ad-be48-56767bbcf272,37dd4458-dc9e-4ae6-a1f1-789c1162d37b"
Omakange Clinic,bCWweDAER5v,QH5y5NkOxfc,"1c783dca-fd54-4ea8-a0fc-2875374e9cb6,b8bbf83e-645f-451f-8efe-a0db56f09676,8d4626ca-7abd-42ad-be48-56767bbcf272,37dd4458-dc9e-4ae6-a1f1-789c1162d37b"
Onamandongo Clinic,oDYRsa0mJIv,QH5y5NkOxfc,"1c783dca-fd54-4ea8-a0fc-2875374e9cb6,b8bbf83e-645f-451f-8efe-a0db56f09676,8d4626ca-7abd-42ad-be48-56767bbcf272,37dd4458-dc9e-4ae6-a1f1-789c1162d37b"
Onesi Health Centre,fzfr3jnYqvr,QH5y5NkOxfc,"1c783dca-fd54-4ea8-a0fc-2875374e9cb6,b8bbf83e-645f-451f-8efe-a0db56f09676,8d4626ca-7abd-42ad-be48-56767bbcf272,37dd4458-dc9e-4ae6-a1f1-789c1162d37b"
Ongulumbashe Clinic,Uttm2O8yujd,QH5y5NkOxfc,"1c783dca-fd54-4ea8-a0fc-2875374e9cb6,b8bbf83e-645f-451f-8efe-a0db56f09676,8d4626ca-7abd-42ad-be48-56767bbcf272,37dd4458-dc9e-4ae6-a1f1-789c1162d37b"
Oshitudha Clinic,KsOjmWiKdE4,QH5y5NkOxfc,"1c783dca-fd54-4ea8-a0fc-2875374e9cb6,b8bbf83e-645f-451f-8efe-a0db56f09676,8d4626ca-7abd-42ad-be48-56767bbcf272,37dd4458-dc9e-4ae6-a1f1-789c1162d37b"
Tsandi Clinic,bNr26jOztrp,QH5y5NkOxfc,"1c783dca-fd54-4ea8-a0fc-2875374e9cb6,b8bbf83e-645f-451f-8efe-a0db56f09676,8d4626ca-7abd-42ad-be48-56767bbcf272,37dd4458-dc9e-4ae6-a1f1-789c1162d37b"
Tsandi District Data,c2ZgdibkK5C,QH5y5NkOxfc,
Tsandi Hospital,xxeX8rv04I1,QH5y5NkOxfc,"1c783dca-fd54-4ea8-a0fc-2875374e9cb6,b8bbf83e-645f-451f-8efe-a0db56f09676,8d4626ca-7abd-42ad-be48-56767bbcf272,37dd4458-dc9e-4ae6-a1f1-789c1162d37b,c9a8fa19-5001-4e17-9917-fb855e877fa8"
Ehafo Clinic,PvEwLKd8rYn,fGEgF3PkXvq,"1c783dca-fd54-4ea8-a0fc-2875374e9cb6,b8bbf83e-645f-451f-8efe-a0db56f09676,8d4626ca-7abd-42ad-be48-56767bbcf272,37dd4458-dc9e-4ae6-a1f1-789c1162d37b"
Eheke Clinic,FpTrKzyYvNZ,fGEgF3PkXvq,"1c783dca-fd54-4ea8-a0fc-2875374e9cb6,b8bbf83e-645f-451f-8efe-a0db56f09676,8d4626ca-7abd-42ad-be48-56767bbcf272,37dd4458-dc9e-4ae6-a1f1-789c1162d37b"
Ekamba Clinic,MKrjfN9gWvH,fGEgF3PkXvq,"1c783dca-fd54-4ea8-a0fc-2875374e9cb6,b8bbf83e-645f-451f-8efe-a0db56f09676,8d4626ca-7abd-42ad-be48-56767bbcf272,37dd4458-dc9e-4ae6-a1f1-789c1162d37b"
Eluwa Clinic,f0omxbpiUGC,fGEgF3PkXvq,"1c783dca-fd54-4ea8-a0fc-2875374e9cb6,b8bbf83e-645f-451f-8efe-a0db56f09676,8d4626ca-7abd-42ad-be48-56767bbcf272,37dd4458-dc9e-4ae6-a1f1-789c1162d37b"
Enkono Clinic,sLggBr8VDKJ,fGEgF3PkXvq,"1c783dca-fd54-4ea8-a0fc-2875374e9cb6,b8bbf83e-645f-451f-8efe-a0db56f09676,8d4626ca-7abd-42ad-be48-56767bbcf272,37dd4458-dc9e-4ae6-a1f1-789c1162d37b"
Okaku Clinic,rbyjmtFmHi1,fGEgF3PkXvq,"1c783dca-fd54-4ea8-a0fc-2875374e9cb6,b8bbf83e-645f-451f-8efe-a0db56f09676,8d4626ca-7abd-42ad-be48-56767bbcf272,37dd4458-dc9e-4ae6-a1f1-789c1162d37b"
Okatana Health Centre,eM59Rcdw32p,fGEgF3PkXvq,"1c783dca-fd54-4ea8-a0fc-2875374e9cb6,b8bbf83e-645f-451f-8efe-a0db56f09676,8d4626ca-7abd-42ad-be48-56767bbcf272,37dd4458-dc9e-4ae6-a1f1-789c1162d37b"
Okaukamasheshe Clinic,fsfFA4G4x4L,fGEgF3PkXvq,"1c783dca-fd54-4ea8-a0fc-2875374e9cb6,b8bbf83e-645f-451f-8efe-a0db56f09676,8d4626ca-7abd-42ad-be48-56767bbcf272,37dd4458-dc9e-4ae6-a1f1-789c1162d37b"
Okaukuejo Clinic,Kw8SswXDyms,fGEgF3PkXvq,"1c783dca-fd54-4ea8-a0fc-2875374e9cb6,b8bbf83e-645f-451f-8efe-a0db56f09676,8d4626ca-7abd-42ad-be48-56767bbcf272,37dd4458-dc9e-4ae6-a1f1-789c1162d37b"
Ompundja Clinic,TwDvrl2lcrv,fGEgF3PkXvq,"1c783dca-fd54-4ea8-a0fc-2875374e9cb6,b8bbf83e-645f-451f-8efe-a0db56f09676,8d4626ca-7abd-42ad-be48-56767bbcf272,37dd4458-dc9e-4ae6-a1f1-789c1162d37b"
Onamutayi Clinic,GrmuwxIzxSR,fGEgF3PkXvq,"1c783dca-fd54-4ea8-a0fc-2875374e9cb6,b8bbf83e-645f-451f-8efe-a0db56f09676,8d4626ca-7abd-42ad-be48-56767bbcf272,37dd4458-dc9e-4ae6-a1f1-789c1162d37b"
Ondangwa Health Centre,p8suatoiSWH,fGEgF3PkXvq,"1c783dca-fd54-4ea8-a0fc-2875374e9cb6,b8bbf83e-645f-451f-8efe-a0db56f09676,8d4626ca-7abd-42ad-be48-56767bbcf272,37dd4458-dc9e-4ae6-a1f1-789c1162d37b"
Ongwediva Health Centre,IgIxIP14Ihj,fGEgF3PkXvq,"1c783dca-fd54-4ea8-a0fc-2875374e9cb6,b8bbf83e-645f-451f-8efe-a0db56f09676,8d4626ca-7abd-42ad-be48-56767bbcf272,37dd4458-dc9e-4ae6-a1f1-789c1162d37b"
Oshakati District Data,FI2bIyoDzdz,fGEgF3PkXvq,
Oshakati Health Centre,eIOtAZGNcim,fGEgF3PkXvq,"1c783dca-fd54-4ea8-a0fc-2875374e9cb6,b8bbf83e-645f-451f-8efe-a0db56f09676,8d4626ca-7abd-42ad-be48-56767bbcf272,37dd4458-dc9e-4ae6-a1f1-789c1162d37b"
Oshakati Hospital,RuCY7GEHm4n,fGEgF3PkXvq,"1c783dca-fd54-4ea8-a0fc-2875374e9cb6,b8bbf83e-645f-451f-8efe-a0db56f09676,8d4626ca-7abd-42ad-be48-56767bbcf272,37dd4458-dc9e-4ae6-a1f1-789c1162d37b,c9a8fa19-5001-4e17-9917-fb855e877fa8"
Ou Nick Health Centre,skF6GqHBnBn,fGEgF3PkXvq,"1c783dca-fd54-4ea8-a0fc-2875374e9cb6,b8bbf83e-645f-451f-8efe-a0db56f09676,8d4626ca-7abd-42ad-be48-56767bbcf272,37dd4458-dc9e-4ae6-a1f1-789c1162d37b"
Uukwiyuushona Clinic,c779w7RUFRs,fGEgF3PkXvq,"1c783dca-fd54-4ea8-a0fc-2875374e9cb6,b8bbf83e-645f-451f-8efe-a0db56f09676,8d4626ca-7abd-42ad-be48-56767bbcf272,37dd4458-dc9e-4ae6-a1f1-789c1162d37b"
Amilema Clinic,HJTcwppEOiY,A3TNsiR1dh5,"1c783dca-fd54-4ea8-a0fc-2875374e9cb6,b8bbf83e-645f-451f-8efe-a0db56f09676,8d4626ca-7abd-42ad-be48-56767bbcf272,37dd4458-dc9e-4ae6-a1f1-789c1162d37b"
Hedimbi Clinic,Wfn3i19mGML,A3TNsiR1dh5,"1c783dca-fd54-4ea8-a0fc-2875374e9cb6,b8bbf83e-645f-451f-8efe-a0db56f09676,8d4626ca-7abd-42ad-be48-56767bbcf272,37dd4458-dc9e-4ae6-a1f1-789c1162d37b"
Omuthiya Clinic,Ts4pGgNwxnm,A3TNsiR1dh5,"1c783dca-fd54-4ea8-a0fc-2875374e9cb6,b8bbf83e-645f-451f-8efe-a0db56f09676,8d4626ca-7abd-42ad-be48-56767bbcf272,37dd4458-dc9e-4ae6-a1f1-789c1162d37b"
Omuthiya District Data,bkbdPKyGOpK,A3TNsiR1dh5,
Omuthiya Hospital,ChzzoXj8TNs,A3TNsiR1dh5,"1c783dca-fd54-4ea8-a0fc-2875374e9cb6,b8bbf83e-645f-451f-8efe-a0db56f09676,8d4626ca-7abd-42ad-be48-56767bbcf272,37dd4458-dc9e-4ae6-a1f1-789c1162d37b,c9a8fa19-5001-4e17-9917-fb855e877fa8"
Onamishu Clinic,esqZO1LWPZ4,A3TNsiR1dh5,"1c783dca-fd54-4ea8-a0fc-2875374e9cb6,b8bbf83e-645f-451f-8efe-a0db56f09676,8d4626ca-7abd-42ad-be48-56767bbcf272,37dd4458-dc9e-4ae6-a1f1-789c1162d37b"
Onanke Clinic,D2n2FRIdOS4,A3TNsiR1dh5,"1c783dca-fd54-4ea8-a0fc-2875374e9cb6,b8bbf83e-645f-451f-8efe-a0db56f09676,8d4626ca-7abd-42ad-be48-56767bbcf272,37dd4458-dc9e-4ae6-a1f1-789c1162d37b"
Onkumbula Clinic,rLr0PoDygp2,A3TNsiR1dh5,"1c783dca-fd54-4ea8-a0fc-2875374e9cb6,b8bbf83e-645f-451f-8efe-a0db56f09676,8d4626ca-7abd-42ad-be48-56767bbcf272,37dd4458-dc9e-4ae6-a1f1-789c1162d37b"
Onyuulaye Clinic,N1OaSGOanSR,A3TNsiR1dh5,"1c783dca-fd54-4ea8-a0fc-2875374e9cb6,b8bbf83e-645f-451f-8efe-a0db56f09676,8d4626ca-7abd-42ad-be48-56767bbcf272,37dd4458-dc9e-4ae6-a1f1-789c1162d37b"
Oshalongo Clinic,THWhiZwvxIc,A3TNsiR1dh5,"1c783dca-fd54-4ea8-a0fc-2875374e9cb6,b8bbf83e-645f-451f-8efe-a0db56f09676,8d4626ca-7abd-42ad-be48-56767bbcf272,37dd4458-dc9e-4ae6-a1f1-789c1162d37b"
Elombe Clinic,RPxz5gws9c3,RTeFLiIQbw6,"1c783dca-fd54-4ea8-a0fc-2875374e9cb6,b8bbf83e-645f-451f-8efe-a0db56f09676,8d4626ca-7abd-42ad-be48-56767bbcf272,37dd4458-dc9e-4ae6-a1f1-789c1162d37b"
Ndamono Clinic,CGvswxXEP3q,RTeFLiIQbw6,"1c783dca-fd54-4ea8-a0fc-2875374e9cb6,b8bbf83e-645f-451f-8efe-a0db56f09676,8d4626ca-7abd-42ad-be48-56767bbcf272,37dd4458-dc9e-4ae6-a1f1-789c1162d37b"
Okankolo Health Centre,qh8Nup1DDcf,RTeFLiIQbw6,"1c783dca-fd54-4ea8-a0fc-2875374e9cb6,b8bbf83e-645f-451f-8efe-a0db56f09676,8d4626ca-7abd-42ad-be48-56767bbcf272,37dd4458-dc9e-4ae6-a1f1-789c1162d37b"
Olukonda Clinic,bcZWHYpfbuF,RTeFLiIQbw6,"1c783dca-fd54-4ea8-a0fc-2875374e9cb6,b8bbf83e-645f-451f-8efe-a0db56f09676,8d4626ca-7abd-42ad-be48-56767bbcf272,37dd4458-dc9e-4ae6-a1f1-789c1162d37b"
Omuntele Clinic,x4MjQhehIxV,RTeFLiIQbw6,"1c783dca-fd54-4ea8-a0fc-2875374e9cb6,b8bbf83e-645f-451f-8efe-a0db56f09676,8d4626ca-7abd-42ad-be48-56767bbcf272,37dd4458-dc9e-4ae6-a1f1-789c1162d37b"
Onakazizi Clinic,HHtrRNxrALx,RTeFLiIQbw6,"1c783dca-fd54-4ea8-a0fc-2875374e9cb6,b8bbf83e-645f-451f-8efe-a0db56f09676,8d4626ca-7abd-42ad-be48-56767bbcf272,37dd4458-dc9e-4ae6-a1f1-789c1162d37b"
Onandjokwe District Data,oBZHBLN5JY8,RTeFLiIQbw6,
Onandjokwe Hospital,wCVFEDCJq9M,RTeFLiIQbw6,"1c783dca-fd54-4ea8-a0fc-2875374e9cb6,b8bbf83e-645f-451f-8efe-a0db56f09676,8d4626ca-7abd-42ad-be48-56767bbcf272,37dd4458-dc9e-4ae6-a1f1-789c1162d37b,c9a8fa19-5001-4e17-9917-fb855e877fa8"
Onayena Health Centre,iznsoRR8fG7,RTeFLiIQbw6,"1c783dca-fd54-4ea8-a0fc-2875374e9cb6,b8bbf83e-645f-451f-8efe-a0db56f09676,8d4626ca-7abd-42ad-be48-56767bbcf272,37dd4458-dc9e-4ae6-a1f1-789c1162d37b"
Ontananga Clinic,o4byILh6qAD,RTeFLiIQbw6,"1c783dca-fd54-4ea8-a0fc-2875374e9cb6,b8bbf83e-645f-451f-8efe-a0db56f09676,8d4626ca-7abd-42ad-be48-56767bbcf272,37dd4458-dc9e-4ae6-a1f1-789c1162d37b"
Ontunda Clinic,ZXyoMRJ3RGM,RTeFLiIQbw6,"1c783dca-fd54-4ea8-a0fc-2875374e9cb6,b8bbf83e-645f-451f-8efe-a0db56f09676,8d4626ca-7abd-42ad-be48-56767bbcf272,37dd4458-dc9e-4ae6-a1f1-789c1162d37b"
Onyaanya Health Centre,LUqTkolRtQv,RTeFLiIQbw6,"1c783dca-fd54-4ea8-a0fc-2875374e9cb6,b8bbf83e-645f-451f-8efe-a0db56f09676,8d4626ca-7abd-42ad-be48-56767bbcf272,37dd4458-dc9e-4ae6-a1f1-789c1162d37b"
Oshigambo Clinic,p5jozoAsoS9,RTeFLiIQbw6,"1c783dca-fd54-4ea8-a0fc-2875374e9cb6,b8bbf83e-645f-451f-8efe-a0db56f09676,8d4626ca-7abd-42ad-be48-56767bbcf272,37dd4458-dc9e-4ae6-a1f1-789c1162d37b"
Elavi Clinic,C9v0IT0hyLJ,PvX6HjANIMR,"1c783dca-fd54-4ea8-a0fc-2875374e9cb6,b8bbf83e-645f-451f-8efe-a0db56f09676,8d4626ca-7abd-42ad-be48-56767bbcf272,37dd4458-dc9e-4ae6-a1f1-789c1162d37b"
Lombard Clinic,BgxDov5UFz0,PvX6HjANIMR,"1c783dca-fd54-4ea8-a0fc-2875374e9cb6,b8bbf83e-645f-451f-8efe-a0db56f09676,8d4626ca-7abd-42ad-be48-56767bbcf272,37dd4458-dc9e-4ae6-a1f1-789c1162d37b"
Oshivelo Clinic,WdtcM6kSrh0,PvX6HjANIMR,"1c783dca-fd54-4ea8-a0fc-2875374e9cb6,b8bbf83e-645f-451f-8efe-a0db56f09676,8d4626ca-7abd-42ad-be48-56767bbcf272,37dd4458-dc9e-4ae6-a1f1-789c1162d37b"
Tsintsabis Clinic,kJ3s4OsV7Xj,PvX6HjANIMR,"1c783dca-fd54-4ea8-a0fc-2875374e9cb6,b8bbf83e-645f-451f-8efe-a0db56f09676,8d4626ca-7abd-42ad-be48-56767bbcf272,37dd4458-dc9e-4ae6-a1f1-789c1162d37b"
Tsumeb Clinic,T2VOg9HzW3U,PvX6HjANIMR,"1c783dca-fd54-4ea8-a0fc-2875374e9cb6,b8bbf83e-645f-451f-8efe-a0db56f09676,8d4626ca-7abd-42ad-be48-56767bbcf272,37dd4458-dc9e-4ae6-a1f1-789c1162d37b"
Tsumeb District Data,aDHo33DwBLV,PvX6HjANIMR,
Tsumeb Hospital,TMdYFfDa12B,PvX6HjANIMR,"1c783dca-fd54-4ea8-a0fc-2875374e9cb6,b8bbf83e-645f-451f-8efe-a0db56f09676,8d4626ca-7abd-42ad-be48-56767bbcf272,37dd4458-dc9e-4ae6-a1f1-789c1162d37b,c9a8fa19-5001-4e17-9917-fb855e877fa8"
Tsumeb Private Hospital,EOCFQuZevWd,PvX6HjANIMR,"1c783dca-fd54-4ea8-a0fc-2875374e9cb6,b8bbf83e-645f-451f-8efe-a0db56f09676,8d4626ca-7abd-42ad-be48-56767bbcf272,37dd4458-dc9e-4ae6-a1f1-789c1162d37b,c9a8fa19-5001-4e17-9917-fb855e877fa8"
Gam Clinic,qHUKq1CiWcg,HBNyx54xyKg,"1c783dca-fd54-4ea8-a0fc-2875374e9cb6,b8bbf83e-645f-451f-8efe-a0db56f09676,8d4626ca-7abd-42ad-be48-56767bbcf272,37dd4458-dc9e-4ae6-a1f1-789c1162d37b"
Grootfontein Clinic,BKij9g5cp1K,HBNyx54xyKg,"1c783dca-fd54-4ea8-a0fc-2875374e9cb6,b8bbf83e-645f-451f-8efe-a0db56f09676,8d4626ca-7abd-42ad-be48-56767bbcf272,37dd4458-dc9e-4ae6-a1f1-789c1162d37b"
Grootfontein District Data,Dp7cxer6fGw,HBNyx54xyKg,
Grootfontein Hospital,xzqpwPmn6xE,HBNyx54xyKg,"1c783dca-fd54-4ea8-a0fc-2875374e9cb6,b8bbf83e-645f-451f-8efe-a0db56f09676,8d4626ca-7abd-42ad-be48-56767bbcf272,37dd4458-dc9e-4ae6-a1f1-789c1162d37b,c9a8fa19-5001-4e17-9917-fb855e877fa8"
Grootfontein Medi Health Centre,gqfCiG46uCt,HBNyx54xyKg,"1c783dca-fd54-4ea8-a0fc-2875374e9cb6,b8bbf83e-645f-451f-8efe-a0db56f09676,8d4626ca-7abd-42ad-be48-56767bbcf272,37dd4458-dc9e-4ae6-a1f1-789c1162d37b"
Grootfontein Private Hospital,CdLIXFoKZ19,HBNyx54xyKg,"1c783dca-fd54-4ea8-a0fc-2875374e9cb6,b8bbf83e-645f-451f-8efe-a0db56f09676,8d4626ca-7abd-42ad-be48-56767bbcf272,37dd4458-dc9e-4ae6-a1f1-789c1162d37b,c9a8fa19-5001-4e17-9917-fb855e877fa8"
Kombat Clinic,TnXvmNU1mmT,HBNyx54xyKg,"1c783dca-fd54-4ea8-a0fc-2875374e9cb6,b8bbf83e-645f-451f-8efe-a0db56f09676,8d4626ca-7abd-42ad-be48-56767bbcf272,37dd4458-dc9e-4ae6-a1f1-789c1162d37b"
Mangetti Dune Health Centre,ANkbLfhfh9n,HBNyx54xyKg,"1c783dca-fd54-4ea8-a0fc-2875374e9cb6,b8bbf83e-645f-451f-8efe-a0db56f09676,8d4626ca-7abd-42ad-be48-56767bbcf272,37dd4458-dc9e-4ae6-a1f1-789c1162d37b"
Omatako Clinic,ETqETd3r7UJ,HBNyx54xyKg,"1c783dca-fd54-4ea8-a0fc-2875374e9cb6,b8bbf83e-645f-451f-8efe-a0db56f09676,8d4626ca-7abd-42ad-be48-56767bbcf272,37dd4458-dc9e-4ae6-a1f1-789c1162d37b"
Otjituuo Clinic,R236LNBT9Sm,HBNyx54xyKg,"1c783dca-fd54-4ea8-a0fc-2875374e9cb6,b8bbf83e-645f-451f-8efe-a0db56f09676,8d4626ca-7abd-42ad-be48-56767bbcf272,37dd4458-dc9e-4ae6-a1f1-789c1162d37b"
Tsumkwe Clinic,JSr83VA27J5,HBNyx54xyKg,"1c783dca-fd54-4ea8-a0fc-2875374e9cb6,b8bbf83e-645f-451f-8efe-a0db56f09676,8d4626ca-7abd-42ad-be48-56767bbcf272,37dd4458-dc9e-4ae6-a1f1-789c1162d37b"
Nau-Aib Clinic,CrHps9jkj3s,UQTgGLGzVJR,"1c783dca-fd54-4ea8-a0fc-2875374e9cb6,b8bbf83e-645f-451f-8efe-a0db56f09676,8d4626ca-7abd-42ad-be48-56767bbcf272,37dd4458-dc9e-4ae6-a1f1-789c1162d37b"
Okahandja District Data,jJ5t7b5aCD1,UQTgGLGzVJR,
Okahandja Hospital,r8Pi6zLeFxT,UQTgGLGzVJR,"1c783dca-fd54-4ea8-a0fc-2875374e9cb6,b8bbf83e-645f-451f-8efe-a0db56f09676,8d4626ca-7abd-42ad-be48-56767bbcf272,37dd4458-dc9e-4ae6-a1f1-789c1162d37b,c9a8fa19-5001-4e17-9917-fb855e877fa8"
Otjozondu Clinic,ddM5TIndfgE,UQTgGLGzVJR,"1c783dca-fd54-4ea8-a0fc-2875374e9cb6,b8bbf83e-645f-451f-8efe-a0db56f09676,8d4626ca-7abd-42ad-be48-56767bbcf272,37dd4458-dc9e-4ae6-a1f1-789c1162d37b"
Ovitoto Clinic,jeC3h61AhCi,UQTgGLGzVJR,"1c783dca-fd54-4ea8-a0fc-2875374e9cb6,b8bbf83e-645f-451f-8efe-a0db56f09676,8d4626ca-7abd-42ad-be48-56767bbcf272,37dd4458-dc9e-4ae6-a1f1-789c1162d37b"
Coblenz Clinic,mdwXU447IN7,cwdQdlsupXZ,"1c783dca-fd54-4ea8-a0fc-2875374e9cb6,b8bbf83e-645f-451f-8efe-a0db56f09676,8d4626ca-7abd-42ad-be48-56767bbcf272,37dd4458-dc9e-4ae6-a1f1-789c1162d37b"
Okakarara Clinic,kkxEb89xsH2,cwdQdlsupXZ,"1c783dca-fd54-4ea8-a0fc-2875374e9cb6,b8bbf83e-645f-451f-8efe-a0db56f09676,8d4626ca-7abd-42ad-be48-56767bbcf272,37dd4458-dc9e-4ae6-a1f1-789c1162d37b"
Okakarara District Data,JanXt39SLBL,cwdQdlsupXZ,
Okakarara Hospital,W9nHmqjt5qE,cwdQdlsupXZ,"1c783dca-fd54-4ea8-a0fc-2875374e9cb6,b8bbf83e-645f-451f-8efe-a0db56f09676,8d4626ca-7abd-42ad-be48-56767bbcf272,37dd4458-dc9e-4ae6-a1f1-789c1162d37b,c9a8fa19-5001-4e17-9917-fb855e877fa8"
Okamatapati Clinic,G5Nf55NyUwl,cwdQdlsupXZ,"1c783dca-fd54-4ea8-a0fc-2875374e9cb6,b8bbf83e-645f-451f-8efe-a0db56f09676,8d4626ca-7abd-42ad-be48-56767bbcf272,37dd4458-dc9e-4ae6-a1f1-789c1162d37b"
Okarondu Clinic,UCLqbq1NUjg,cwdQdlsupXZ,"1c783dca-fd54-4ea8-a0fc-2875374e9cb6,b8bbf83e-645f-451f-8efe-a0db56f09676,8d4626ca-7abd-42ad-be48-56767bbcf272,37dd4458-dc9e-4ae6-a1f1-789c1162d37b"
Okondjatu Clinic,Q5NWBPvmG2e,cwdQdlsupXZ,"1c783dca-fd54-4ea8-a0fc-2875374e9cb6,b8bbf83e-645f-451f-8efe-a0db56f09676,8d4626ca-7abd-42ad-be48-56767bbcf272,37dd4458-dc9e-4ae6-a1f1-789c1162d37b"
Uitkoms Clinic,EzGUUeDC3Fu,cwdQdlsupXZ,"1c783dca-fd54-4ea8-a0fc-2875374e9cb6,b8bbf83e-645f-451f-8efe-a0db56f09676,8d4626ca-7abd-42ad-be48-56767bbcf272,37dd4458-dc9e-4ae6-a1f1-789c1162d37b"
Kalkveld Clinic,ig88deJdRg3,OZpQSwHeL07,"1c783dca-fd54-4ea8-a0fc-2875374e9cb6,b8bbf83e-645f-451f-8efe-a0db56f09676,8d4626ca-7abd-42ad-be48-56767bbcf272,37dd4458-dc9e-4ae6-a1f1-789c1162d37b"
Okorusu Mine Clinic,wrdn2SNwYAh,OZpQSwHeL07,"1c783dca-fd54-4ea8-a0fc-2875374e9cb6,b8bbf83e-645f-451f-8efe-a0db56f09676,8d4626ca-7abd-42ad-be48-56767bbcf272,37dd4458-dc9e-4ae6-a1f1-789c1162d37b"
Orwetoveni Clinic,LIXOLUllVKI,OZpQSwHeL07,"1c783dca-fd54-4ea8-a0fc-2875374e9cb6,b8bbf83e-645f-451f-8efe-a0db56f09676,8d4626ca-7abd-42ad-be48-56767bbcf272,37dd4458-dc9e-4ae6-a1f1-789c1162d37b"
Osire Health Centre,imLaUcaoENY,OZpQSwHeL07,"1c783dca-fd54-4ea8-a0fc-2875374e9cb6,b8bbf83e-645f-451f-8efe-a0db56f09676,8d4626ca-7abd-42ad-be48-56767bbcf272,37dd4458-dc9e-4ae6-a1f1-789c1162d37b"
Otavi Health Centre,EZ2gKbJ2tDp,OZpQSwHeL07,"1c783dca-fd54-4ea8-a0fc-2875374e9cb6,b8bbf83e-645f-451f-8efe-a0db56f09676,8d4626ca-7abd-42ad-be48-56767bbcf272,37dd4458-dc9e-4ae6-a1f1-789c1162d37b"
Otjiwarongo District Data,zccMVrg6niG,OZpQSwHeL07,
Otjiwarongo Hospital,BCnJK96Ba94,OZpQSwHeL07,"1c783dca-fd54-4ea8-a0fc-2875374e9cb6,b8bbf83e-645f-451f-8efe-a0db56f09676,8d4626ca-7abd-42ad-be48-56767bbcf272,37dd4458-dc9e-4ae6-a1f1-789c1162d37b,c9a8fa19-5001-4e17-9917-fb855e877fa8"
Batubaja Clinic,sUcnIT3SSiR,KSe05Xbqo0U,"1c783dca-fd54-4ea8-a0fc-2875374e9cb6,b8bbf83e-645f-451f-8efe-a0db56f09676,8d4626ca-7abd-42ad-be48-56767bbcf272,37dd4458-dc9e-4ae6-a1f1-789c1162d37b"
Bukalo Health Centre,t2K6wSYEQWu,KSe05Xbqo0U,"1c783dca-fd54-4ea8-a0fc-2875374e9cb6,b8bbf83e-645f-451f-8efe-a0db56f09676,8d4626ca-7abd-42ad-be48-56767bbcf272,37dd4458-dc9e-4ae6-a1f1-789c1162d37b"
Chetto Clinic,D6ijAdImmjU,KSe05Xbqo0U,"1c783dca-fd54-4ea8-a0fc-2875374e9cb6,b8bbf83e-645f-451f-8efe-a0db56f09676,8d4626ca-7abd-42ad-be48-56767bbcf272,37dd4458-dc9e-4ae6-a1f1-789c1162d37b"
Chinchimani Clinic,Gc7cya5Gdy5,KSe05Xbqo0U,"1c783dca-fd54-4ea8-a0fc-2875374e9cb6,b8bbf83e-645f-451f-8efe-a0db56f09676,8d4626ca-7abd-42ad-be48-56767bbcf272,37dd4458-dc9e-4ae6-a1f1-789c1162d37b"
Choi Clinic,XH4eHnkIbJ0,KSe05Xbqo0U,"1c783dca-fd54-4ea8-a0fc-2875374e9cb6,b8bbf83e-645f-451f-8efe-a0db56f09676,8d4626ca-7abd-42ad-be48-56767bbcf272,37dd4458-dc9e-4ae6-a1f1-789c1162d37b"
Good Health Practice,Eh7g1X86RLq,KSe05Xbqo0U,"1c783dca-fd54-4ea8-a0fc-2875374e9cb6,b8bbf83e-645f-451f-8efe-a0db56f09676,8d4626ca-7abd-42ad-be48-56767bbcf272,37dd4458-dc9e-4ae6-a1f1-789c1162d37b"
Ibbu Clinic,EbzmH8cTehA,KSe05Xbqo0U,"1c783dca-fd54-4ea8-a0fc-2875374e9cb6,b8bbf83e-645f-451f-8efe-a0db56f09676,8d4626ca-7abd-42ad-be48-56767bbcf272,37dd4458-dc9e-4ae6-a1f1-789c1162d37b"
Impalila Clinic,R40CIvTvuw7,KSe05Xbqo0U,"1c783dca-fd54-4ea8-a0fc-2875374e9cb6,b8bbf83e-645f-451f-8efe-a0db56f09676,8d4626ca-7abd-42ad-be48-56767bbcf272,37dd4458-dc9e-4ae6-a1f1-789c1162d37b"
Isize Clinic,NblWOTY56TS,KSe05Xbqo0U,"1c783dca-fd54-4ea8-a0fc-2875374e9cb6,b8bbf83e-645f-451f-8efe-a0db56f09676,8d4626ca-7abd-42ad-be48-56767bbcf272,37dd4458-dc9e-4ae6-a1f1-789c1162d37b"
Itomba Clinic,BCYCLAWyHqT,KSe05Xbqo0U,"1c783dca-fd54-4ea8-a0fc-2875374e9cb6,b8bbf83e-645f-451f-8efe-a0db56f09676,8d4626ca-7abd-42ad-be48-56767bbcf272,37dd4458-dc9e-4ae6-a1f1-789c1162d37b"
Kabbe Clinic,smuDezyCNrH,KSe05Xbqo0U,"1c783dca-fd54-4ea8-a0fc-2875374e9cb6,b8bbf83e-645f-451f-8efe-a0db56f09676,8d4626ca-7abd-42ad-be48-56767bbcf272,37dd4458-dc9e-4ae6-a1f1-789c1162d37b"
Kanono Clinic,YmLhNI30SHg,KSe05Xbqo0U,"1c783dca-fd54-4ea8-a0fc-2875374e9cb6,b8bbf83e-645f-451f-8efe-a0db56f09676,8d4626ca-7abd-42ad-be48-56767bbcf272,37dd4458-dc9e-4ae6-a1f1-789c1162d37b"
Kasheshe Clinic,vMIPKwQgiVn,KSe05Xbqo0U,"1c783dca-fd54-4ea8-a0fc-2875374e9cb6,b8bbf83e-645f-451f-8efe-a0db56f09676,8d4626ca-7abd-42ad-be48-56767bbcf272,37dd4458-dc9e-4ae6-a1f1-789c1162d37b"
Katima Family Practice,VPEvFGfnTTh,KSe05Xbqo0U,"1c783dca-fd54-4ea8-a0fc-2875374e9cb6,b8bbf83e-645f-451f-8efe-a0db56f09676,8d4626ca-7abd-42ad-be48-56767bbcf272,37dd4458-dc9e-4ae6-a1f1-789c1162d37b"
Katima Medical Centre,MxBTlvCxzVr,KSe05Xbqo0U,"1c783dca-fd54-4ea8-a0fc-2875374e9cb6,b8bbf83e-645f-451f-8efe-a0db56f09676,8d4626ca-7abd-42ad-be48-56767bbcf272,37dd4458-dc9e-4ae6-a1f1-789c1162d37b"
Katima Mulilo Clinic,JToD03STsnQ,KSe05Xbqo0U,"1c783dca-fd54-4ea8-a0fc-2875374e9cb6,b8bbf83e-645f-451f-8efe-a0db56f09676,8d4626ca-7abd-42ad-be48-56767bbcf272,37dd4458-dc9e-4ae6-a1f1-789c1162d37b"
Katima Mulilo District Data,ClIVz91lFfw,KSe05Xbqo0U,
Katima Mulilo Hospital,nz44o4oBeAv,KSe05Xbqo0U,"1c783dca-fd54-4ea8-a0fc-2875374e9cb6,b8bbf83e-645f-451f-8efe-a0db56f09676,8d4626ca-7abd-42ad-be48-56767bbcf272,37dd4458-dc9e-4ae6-a1f1-789c1162d37b,c9a8fa19-5001-4e17-9917-fb855e877fa8"
Linyanti Clinic,olwD7YYadZ9,KSe05Xbqo0U,"1c783dca-fd54-4ea8-a0fc-2875374e9cb6,b8bbf83e-645f-451f-8efe-a0db56f09676,8d4626ca-7abd-42ad-be48-56767bbcf272,37dd4458-dc9e-4ae6-a1f1-789c1162d37b"
Lisikili Clinic,HyE7HapLxku,KSe05Xbqo0U,"1c783dca-fd54-4ea8-a0fc-2875374e9cb6,b8bbf83e-645f-451f-8efe-a0db56f09676,8d4626ca-7abd-42ad-be48-56767bbcf272,37dd4458-dc9e-4ae6-a1f1-789c1162d37b"
Lusese Clinic,n7DbcZMpBLm,KSe05Xbqo0U,"1c783dca-fd54-4ea8-a0fc-2875374e9cb6,b8bbf83e-645f-451f-8efe-a0db56f09676,8d4626ca-7abd-42ad-be48-56767bbcf272,37dd4458-dc9e-4ae6-a1f1-789c1162d37b"
Mafuta Clinic,mGEmgXfrXt9,KSe05Xbqo0U,"1c783dca-fd54-4ea8-a0fc-2875374e9cb6,b8bbf83e-645f-451f-8efe-a0db56f09676,8d4626ca-7abd-42ad-be48-56767bbcf272,37dd4458-dc9e-4ae6-a1f1-789c1162d37b"
Masokotwani Clinic,ss6eUxENAZm,KSe05Xbqo0U,"1c783dca-fd54-4ea8-a0fc-2875374e9cb6,b8bbf83e-645f-451f-8efe-a0db56f09676,8d4626ca-7abd-42ad-be48-56767bbcf272,37dd4458-dc9e-4ae6-a1f1-789c1162d37b"
Mavuluma Clinic,OTq7awafsbC,KSe05Xbqo0U,"1c783dca-fd54-4ea8-a0fc-2875374e9cb6,b8bbf83e-645f-451f-8efe-a0db56f09676,8d4626ca-7abd-42ad-be48-56767bbcf272,37dd4458-dc9e-4ae6-a1f1-789c1162d37b"
Mbalasinte Clinic,kIugC5Dw8P5,KSe05Xbqo0U,"1c783dca-fd54-4ea8-a0fc-2875374e9cb6,b8bbf83e-645f-451f-8efe-a0db56f09676,8d4626ca-7abd-42ad-be48-56767bbcf272,37dd4458-dc9e-4ae6-a1f1-789c1162d37b"
Muyako Clinic,i8Pp0foqTqb,KSe05Xbqo0U,"1c783dca-fd54-4ea8-a0fc-2875374e9cb6,b8bbf83e-645f-451f-8efe-a0db56f09676,8d4626ca-7abd-42ad-be48-56767bbcf272,37dd4458-dc9e-4ae6-a1f1-789c1162d37b"
NAPPA Clinic,pyYAxl0eGnI,KSe05Xbqo0U,"1c783dca-fd54-4ea8-a0fc-2875374e9cb6,b8bbf83e-645f-451f-8efe-a0db56f09676,8d4626ca-7abd-42ad-be48-56767bbcf272,37dd4458-dc9e-4ae6-a1f1-789c1162d37b"
Ngoma Clinic,dnJgujSdEZn,KSe05Xbqo0U,"1c783dca-fd54-4ea8-a0fc-2875374e9cb6,b8bbf83e-645f-451f-8efe-a0db56f09676,8d4626ca-7abd-42ad-be48-56767bbcf272,37dd4458-dc9e-4ae6-a1f1-789c1162d37b"
Ngweze Clinic,X1elzJAGXfN,KSe05Xbqo0U,"1c783dca-fd54-4ea8-a0fc-2875374e9cb6,b8bbf83e-645f-451f-8efe-a0db56f09676,8d4626ca-7abd-42ad-be48-56767bbcf272,37dd4458-dc9e-4ae6-a1f1-789c1162d37b"
Riverside Medical Centre,lUomsWsL7A6,KSe05Xbqo0U,"1c783dca-fd54-4ea8-a0fc-2875374e9cb6,b8bbf83e-645f-451f-8efe-a0db56f09676,8d4626ca-7abd-42ad-be48-56767bbcf272,37dd4458-dc9e-4ae6-a1f1-789c1162d37b"
Sachona Clinic,Iw4uM4xhuxy,KSe05Xbqo0U,"1c783dca-fd54-4ea8-a0fc-2875374e9cb6,b8bbf83e-645f-451f-8efe-a0db56f09676,8d4626ca-7abd-42ad-be48-56767bbcf272,37dd4458-dc9e-4ae6-a1f1-789c1162d37b"
Sangwali Health Centre,YZN4dIf2VTq,KSe05Xbqo0U,"1c783dca-fd54-4ea8-a0fc-2875374e9cb6,b8bbf83e-645f-451f-8efe-a0db56f09676,8d4626ca-7abd-42ad-be48-56767bbcf272,37dd4458-dc9e-4ae6-a1f1-789c1162d37b"
Schuckmansburg Clinic,gHjYihE74pN,KSe05Xbqo0U,"1c783dca-fd54-4ea8-a0fc-2875374e9cb6,b8bbf83e-645f-451f-8efe-a0db56f09676,8d4626ca-7abd-42ad-be48-56767bbcf272,37dd4458-dc9e-4ae6-a1f1-789c1162d37b"
Sesheke Clinic,q9Zv1UDHIkP,KSe05Xbqo0U,"1c783dca-fd54-4ea8-a0fc-2875374e9cb6,b8bbf83e-645f-451f-8efe-a0db56f09676,8d4626ca-7abd-42ad-be48-56767bbcf272,37dd4458-dc9e-4ae6-a1f1-789c1162d37b"
Sibbinda Health Centre,ClVdx8bxXyW,KSe05Xbqo0U,"1c783dca-fd54-4ea8-a0fc-2875374e9cb6,b8bbf83e-645f-451f-8efe-a0db56f09676,8d4626ca-7abd-42ad-be48-56767bbcf272,37dd4458-dc9e-4ae6-a1f1-789c1162d37b"
WCG Wellness Clinic,jk6XWnmIBK1,KSe05Xbqo0U,"1c783dca-fd54-4ea8-a0fc-2875374e9cb6,b8bbf83e-645f-451f-8efe-a0db56f09676,8d4626ca-7abd-42ad-be48-56767bbcf272,37dd4458-dc9e-4ae6-a1f1-789c1162d37b"
Omatjete clinic,oryeJVkmIUqJX21Hk6RspQ,JdZWxlDcuct,"1c783dca-fd54-4ea8-a0fc-2875374e9cb6,b8bbf83e-645f-451f-8efe-a0db56f09676,8d4626ca-7abd-42ad-be48-56767bbcf272,37dd4458-dc9e-4ae6-a1f1-789c1162d37b"
Omaruru District Hospital,dzndd_9zE0KOyjyiXHDmIQ,JdZWxlDcuct,"1c783dca-fd54-4ea8-a0fc-2875374e9cb6,b8bbf83e-645f-451f-8efe-a0db56f09676,8d4626ca-7abd-42ad-be48-56767bbcf272,37dd4458-dc9e-4ae6-a1f1-789c1162d37b"
Swakopmund District Hospital,xfieFFJJz0-QR3eY0r8mEw,Ep5roMtNesc,"1c783dca-fd54-4ea8-a0fc-2875374e9cb6,b8bbf83e-645f-451f-8efe-a0db56f09676,8d4626ca-7abd-42ad-be48-56767bbcf272,37dd4458-dc9e-4ae6-a1f1-789c1162d37b"
Karibib Health Centre,ot8dHykFUEmx9Ga0qR1ytA,tbFjsqAACE8,"1c783dca-fd54-4ea8-a0fc-2875374e9cb6,b8bbf83e-645f-451f-8efe-a0db56f09676,8d4626ca-7abd-42ad-be48-56767bbcf272,37dd4458-dc9e-4ae6-a1f1-789c1162d37b"
Dr Sam Nuuyoma Health Centre,f84FOPQcgkOqz8jRblSIkQ,tbFjsqAACE8,"1c783dca-fd54-4ea8-a0fc-2875374e9cb6,b8bbf83e-645f-451f-8efe-a0db56f09676,8d4626ca-7abd-42ad-be48-56767bbcf272,37dd4458-dc9e-4ae6-a1f1-789c1162d37b"
Usakos District Hospital,bav7zze8SUqhhMWVh2BfsQ,tbFjsqAACE8,"1c783dca-fd54-4ea8-a0fc-2875374e9cb6,b8bbf83e-645f-451f-8efe-a0db56f09676,8d4626ca-7abd-42ad-be48-56767bbcf272,37dd4458-dc9e-4ae6-a1f1-789c1162d37b"
Walvis Bay District Hospital,VMOjRoTcnkaK3P_Xjs4FUw,E9sSue8msED,"1c783dca-fd54-4ea8-a0fc-2875374e9cb6,b8bbf83e-645f-451f-8efe-a0db56f09676,8d4626ca-7abd-42ad-be48-56767bbcf272,37dd4458-dc9e-4ae6-a1f1-789c1162d37b"
Omuhongo Clinic,deyItuyWrEKS432BGP3YSw,pWoACmCrmMl,"1c783dca-fd54-4ea8-a0fc-2875374e9cb6,b8bbf83e-645f-451f-8efe-a0db56f09676,8d4626ca-7abd-42ad-be48-56767bbcf272,37dd4458-dc9e-4ae6-a1f1-789c1162d37b"
Other,fb42e7d9-e068-4751-90f2-e79d31fac4bd,,"c9a8fa19-5001-4e17-9917-fb855e877fa8"